national,gsc,rse,dp,pt,hgss,bw,b2w2,xy_central,xy_coastal,xy_mountain,oras,sm,sm_melemele,sm_akala,sm_ulaula,sm_poni,usum,usum_melemele,usum_akala,usum_ulaula,usum_poni,swsh,swsh_armor,swsh_tundra,sv,name_en,name_ja,name_fr,name_de,name_ko,name_zh-Hant,name_zh-Hans,la
1,226,,,,231,,,80,,,,,,,,,,,,,,,68,,,Bulbasaur,フシギダネ,Bulbizarre,Bisasam,이상해씨,妙蛙種子,妙蛙种子,
2,227,,,,232,,,81,,,,,,,,,,,,,,,69,,,Ivysaur,フシギソウ,Herbizarre,Bisaknosp,이상해풀,妙蛙草,妙蛙草,
3,228,,,,233,,,82,,,,,,,,,,,,,,,70,,,Venusaur,フシギバナ,Florizarre,Bisaflor,이상해꽃,妙蛙花,妙蛙花,
4,229,,,,234,,,83,,,,,,,,,,,,,,378,,,,Charmander,ヒトカゲ,Salamèche,Glumanda,파이리,小火龍,小火龙,
5,230,,,,235,,,84,,,,,,,,,,,,,,379,,,,Charmeleon,リザード,Reptincel,Glutexo,리자드,火恐龍,火恐龙,
6,231,,,,236,,,85,,,,,,,,,,,,,,380,,,,Charizard,リザードン,Dracaufeu,Glurak,리자몽,噴火龍,喷火龙,
7,232,,,,237,,,86,,,,,,,,,,,,,,,71,,,Squirtle,ゼニガメ,Carapuce,Schiggy,꼬부기,傑尼龜,杰尼龟,
8,233,,,,238,,,87,,,,,,,,,,,,,,,72,,,Wartortle,カメール,Carabaffe,Schillok,어니부기,卡咪龜,卡咪龟,
9,234,,,,239,,,88,,,,,,,,,,,,,,,73,,,Blastoise,カメックス,Tortank,Turtok,거북왕,水箭龜,水箭龟,
10,24,,,,24,,,23,,,,,,,,,17,17,8,,,13,,,,Caterpie,キャタピー,Chenipan,Raupy,캐터피,綠毛蟲,绿毛虫,
11,25,,,,25,,,24,,,,,,,,,18,18,9,,,14,,,,Metapod,トランセル,Chrysacier,Safcon,단데기,鐵甲蛹,铁甲蛹,
12,26,,,,26,,,25,,,,,,,,,19,19,10,,,15,,,,Butterfree,バタフリー,Papilusion,Smettbo,버터플,巴大蝶,巴大蝶,
13,27,,,,27,,,26,,,,,,,,,,,,,,,,,,Weedle,ビードル,Aspicot,Hornliu,뿔충이,獨角蟲,独角虫,
14,28,,,,28,,,27,,,,,,,,,,,,,,,,,,Kakuna,コクーン,Coconfort,Kokuna,딱충이,鐵殼蛹,铁壳蛹,
15,29,,,,29,,,28,,,,,,,,,,,,,,,,,,Beedrill,スピアー,Dardargnan,Bibor,독침붕,大針蜂,大针蜂,
16,10,,,,10,,,17,,,,,,,,,,,,,,,,,,Pidgey,ポッポ,Roucool,Taubsi,구구,波波,波波,
17,11,,,,11,,,18,,,,,,,,,,,,,,,,,,Pidgeotto,ピジョン,Roucoups,Tauboga,피죤,比比鳥,比比鸟,
18,12,,,,12,,,19,,,,,,,,,,,,,,,,,,Pidgeot,ピジョット,Roucarnage,Tauboss,피죤투,大比鳥,大比鸟,
19,17,,,,17,,59,,,,,,,,,,15,15,6,,6,,,,,Rattata,コラッタ,Rattata,Rattfratz,꼬렛,小拉達,小拉达,
20,18,,,,18,,60,,,,,,,,,,16,16,7,,7,,,,,Raticate,ラッタ,Rattatac,Rattikarl,레트라,拉達,拉达,
21,13,,,,13,,,,,109,,,,,,,87,87,,,33,,,,,Spearow,オニスズメ,Piafabec,Habitak,깨비참,烈雀,烈雀,
22,14,,,,14,,,,,110,,,,,,,88,88,,,34,,,,,Fearow,オニドリル,Rapasdepic,Ibitak,깨비드릴조,大嘴雀,大嘴雀,
23,50,,,,50,,,,,37,,,,,,,61,61,,,,,,,,Ekans,アーボ,Abo,Rettan,아보,阿柏蛇,阿柏蛇,
24,51,,,,51,,,,,38,,,,,,,62,62,,,,,,,,Arbok,アーボック,Arbok,Arbok,아보크,阿柏怪,阿柏怪,
25,22,156,104,104,22,,,36,,,163,,,,,,32,32,,,,194,85,,74,Pikachu,ピカチュウ,Pikachu,Pikachu,피카츄,皮卡丘,皮卡丘,56
26,23,157,105,105,23,,,37,,,164,,,,,,33,33,,,,195,86,,75,Raichu,ライチュウ,Raichu,Raichu,라이츄,雷丘,雷丘,57
27,48,112,,,48,,113,,,97,117,,,,,,328,,,,,,168,,,Sandshrew,サンド,Sabelette,Sandan,모래두지,穿山鼠,穿山鼠,
28,49,113,,,49,,114,,,98,118,,,,,,329,,,,,,169,,,Sandslash,サンドパン,Sablaireau,Sandamer,고지,穿山王,穿山王,
29,95,,,,95,,,,104,,,,,,,,,,,,,,,65,,Nidoran♀,ニドラン♀,Nidoran♀,Nidoran♀,니드런♀,尼多蘭,尼多兰,
30,96,,,,96,,,,105,,,,,,,,,,,,,,,66,,Nidorina,ニドリーナ,Nidorina,Nidorina,니드리나,尼多娜,尼多娜,
31,97,,,,97,,,,106,,,,,,,,,,,,,,,67,,Nidoqueen,ニドクイン,Nidoqueen,Nidoqueen,니드퀸,尼多后,尼多后,
32,98,,,,98,,,,107,,,,,,,,,,,,,,,68,,Nidoran♂,ニドラン♂,Nidoran♂,Nidoran♂,니드런♂,尼多朗,尼多朗,
33,99,,,,99,,,,108,,,,,,,,,,,,,,,69,,Nidorino,ニドリーノ,Nidorino,Nidorino,니드리노,尼多力諾,尼多力诺,
34,100,,,,100,,,,109,,,,,,,,,,,,,,,70,,Nidoking,ニドキング,Nidoking,Nidoking,니드킹,尼多王,尼多王,
35,41,,100,100,41,,89,,,,,,,,,,273,,,,,255,,44,,Clefairy,ピッピ,Mélofée,Piepi,삐삐,皮皮,皮皮,200
36,42,,101,101,42,,90,,,,,,,,,,274,,,,,256,,45,,Clefable,ピクシー,Mélodelfe,Pixi,픽시,皮可西,皮可西,201
37,125,153,,,127,,248,,,,160,,,,,,330,,,,,68,,,,Vulpix,ロコン,Goupix,Vulpix,식스테일,六尾,六尾,168
38,126,154,,,128,,249,,,,161,,,,,,331,,,,,69,,,,Ninetales,キュウコン,Feunard,Vulnona,나인테일,九尾,九尾,169
39,44,138,,,44,,282,,,120,143,,,,,,168,,69,,,,12,,60,Jigglypuff,プリン,Rondoudou,Pummeluff,푸린,胖丁,胖丁,
40,45,139,,,45,,283,,,121,144,,,,,,169,,70,,,,13,,61,Wigglytuff,プクリン,Grodoudou,Knuddeluff,푸크린,胖可丁,胖可丁,
41,37,63,28,28,37,,61,145,,,65,,,,,,80,80,26,,26,,,144,,Zubat,ズバット,Nosferapti,Zubat,주뱃,超音蝠,超音蝠,34
42,38,64,29,29,38,,62,146,,,66,,,,,,81,81,27,,27,,,145,,Golbat,ゴルバット,Nosferalto,Golbat,골뱃,大嘴蝠,大嘴蝠,35
43,83,88,,,83,,,105,,,91,,,,,,,,,,,55,,,,Oddish,ナゾノクサ,Mystherbe,Myrapla,뚜벅쵸,走路草,走路草,
44,84,89,,,84,,,106,,,92,,,,,,,,,,,56,,,,Gloom,クサイハナ,Ortide,Duflor,냄새꼬,臭臭花,臭臭花,
45,85,90,,,85,,,107,,,93,,,,,,,,,,,57,,,,Vileplume,ラフレシア,Rafflesia,Giflor,라플레시아,霸王花,霸王花,
46,70,,,,70,,,,,,,,,,,,180,,81,,,,,,,Paras,パラス,Paras,Paras,파라스,派拉斯,派拉斯,53
47,71,,,,71,,,,,,,,,,,,181,,82,,,,,,,Parasect,パラセクト,Parasect,Parasek,파라섹트,派拉斯特,派拉斯特,54
48,108,,,,109,,,,,,,,,,,,,,,,,,,,256,Venonat,コンパン,Mimitoss,Bluzuk,콘팡,毛球,毛球,
49,109,,,,110,,,,,,,,,,,,,,,,,,,,257,Venomoth,モルフォン,Aéromite,Omot,도나리,摩魯蛾,摩鲁蛾,
50,132,,,,134,,,,,1,,,,,,,85,85,29,,31,164,,,148,Diglett,ディグダ,Taupiqueur,Digda,디그다,地鼠,地鼠,
51,133,,,,135,,,,,2,,,,,,,86,86,30,,32,165,,,149,Dugtrio,ダグトリオ,Triopikeur,Digdri,닥트리오,三地鼠,三地鼠,
52,136,,,,138,,,,,,,,,,,,52,52,,,,182,,,141,Meowth,ニャース,Miaouss,Mauzi,나옹,喵喵,喵喵,
53,137,,,,139,,,,,,,,,,,,53,53,,,,184,,,142,Persian,ペルシアン,Persian,Snobilikat,페르시온,貓老大,猫老大,
54,138,158,43,43,140,,28,59,,,165,,,,,,107,107,32,,51,,146,,55,Psyduck,コダック,Psykokwak,Enton,고라파덕,可達鴨,可达鸭,68
55,139,159,44,44,141,,29,60,,,166,,,,,,108,108,33,,52,,147,,56,Golduck,ゴルダック,Akwakwak,Entoron,골덕,哥達鴨,哥达鸭,69
56,134,,,,136,,,,,,,,,,,,93,93,,,39,,,,158,Mankey,マンキー,Férosinge,Menki,망키,猴怪,猴怪,
57,135,,,,137,,,,,,,,,,,,94,94,,,40,,,,159,Primeape,オコリザル,Colossinge,Rasaff,성원숭,火爆猴,火暴猴,
58,127,,,,129,,51,,,,,,,,,,64,64,,,,70,,,213,Growlithe,ガーディ,Caninos,Fukano,가디,卡蒂狗,卡蒂狗,150
59,128,,,,130,,52,,,,,,,,,,65,65,,,,71,,,214,Arcanine,ウインディ,Arcanin,Arkani,윈디,風速狗,风速狗,151
60,72,,,,72,,,,,33,,,,,,,182,,83,,,,142,,,Poliwag,ニョロモ,Ptitard,Quapsel,발챙이,蚊香蝌蚪,蚊香蝌蚪,
61,73,,,,73,,,,,34,,,,,,,183,,84,,,,143,,,Poliwhirl,ニョロゾ,Têtarte,Quaputzi,슈륙챙이,蚊香君,蚊香君,
62,74,,,,74,,,,,35,,,,,,,184,,85,,,,144,,,Poliwrath,ニョロボン,Tartard,Quappo,강챙이,蚊香泳士,蚊香泳士,
63,89,39,20,20,89,,,102,,,40,,,,,,49,49,,,,,31,,,Abra,ケーシィ,Abra,Abra,캐이시,凱西,凯西,58
64,90,40,21,21,90,,,103,,,41,,,,,,50,50,,,,,32,,,Kadabra,ユンゲラー,Kadabra,Kadabra,윤겔라,勇基拉,勇基拉,59
65,91,41,22,22,91,,,104,,,42,,,,,,51,51,,,,,33,,,Alakazam,フーディン,Alakazam,Simsala,후딘,胡地,胡地,60
66,140,73,40,40,142,,,,57,,75,,,,,,117,117,,,57,138,,,,Machop,ワンリキー,Machoc,Machollo,알통몬,腕力,腕力,154
67,141,74,41,41,143,,,,58,,76,,,,,,118,118,,,58,139,,,,Machoke,ゴーリキー,Machopeur,Maschock,근육몬,豪力,豪力,155
68,142,75,42,42,144,,,,59,,77,,,,,,119,119,,,59,140,,,,Machamp,カイリキー,Mackogneur,Machomei,괴력몬,怪力,怪力,156
69,64,,,,64,,,,,26,,,,,,,,,,,,,,,,Bellsprout,マダツボミ,Chétiflor,Knofensa,모다피,喇叭芽,喇叭芽,
70,65,,,,65,,,,,27,,,,,,,,,,,,,,,,Weepinbell,ウツドン,Boustiflor,Ultrigaria,우츠동,口呆花,口呆花,
71,66,,,,66,,,,,28,,,,,,,,,,,,,,,,Victreebel,ウツボット,Empiflor,Sarzenia,우츠보트,大食花,大食花,
72,162,66,136,136,164,,,,25,,68,,,,,,129,129,38,,67,,40,,,Tentacool,メノクラゲ,Tentacool,Tentacha,왕눈해,瑪瑙水母,玛瑙水母,170
73,163,67,137,137,165,,,,26,,69,,,,,,130,130,39,,68,,41,,,Tentacruel,ドククラゲ,Tentacruel,Tentoxa,독파리,毒刺水母,毒刺水母,171
74,34,57,31,31,34,,,,,9,58,,,,,,298,,,,,,,,,Geodude,イシツブテ,Racaillou,Kleinstein,꼬마돌,小拳石,小拳石,46
75,35,58,32,32,35,,,,,10,59,,,,,,299,,,,,,,,,Graveler,ゴローン,Gravalanch,Georok,데구리,隆隆石,隆隆石,47
76,36,59,33,33,36,,,,,11,60,,,,,,300,,,,,,,,,Golem,ゴローニャ,Grolem,Geowaz,딱구리,隆隆岩,隆隆岩,48
77,201,,90,90,206,,,,,,,,,,,,,,,,,333,,105,,Ponyta,ポニータ,Ponyta,Ponita,포니타,小火馬,小火马,23
78,202,,91,91,207,,,,,,,,,,,,,,,,,334,,106,,Rapidash,ギャロップ,Galopa,Gallopa,날쌩마,烈焰馬,烈焰马,24
79,80,,,,80,,,,133,,,,,,,,44,44,,,,,1,,324,Slowpoke,ヤドン,Ramoloss,Flegmon,야돈,呆呆獸,呆呆兽,
80,81,,,,81,,,,134,,,,,,,,45,45,,,,,2,,325,Slowbro,ヤドラン,Flagadoss,Lahmus,야도란,呆殼獸,呆壳兽,
81,118,82,,178,119,,48,,,69,84,,,,,,54,54,,,,,105,,209,Magnemite,コイル,Magnéti,Magnetilo,코일,小磁怪,小磁怪,177
82,119,83,,179,120,,49,,,70,85,,,,,,55,55,,,,,106,,210,Magneton,レアコイル,Magnéton,Magneton,레어코일,三合一磁怪,三合一磁怪,178
83,158,,,,160,,,61,,,,,,,,,,,,,,218,,,,Farfetch’d,カモネギ,Canarticho,Porenta,파오리,大蔥鴨,大葱鸭,
84,199,92,,,204,,,94,,,95,,,,,,,,,,,,,,,Doduo,ドードー,Doduo,Dodu,두두,嘟嘟,嘟嘟,
85,200,93,,,205,,,95,,,96,,,,,,,,,,,,,,,Dodrio,ドードリオ,Dodrio,Dodri,두트리오,嘟嘟利,嘟嘟利,
86,176,,,,178,,265,,,,,,,,,,115,115,,,,,,,,Seel,パウワウ,Otaria,Jurob,쥬쥬,小海獅,小海狮,
87,177,,,,179,,266,,,,,,,,,,116,116,,,,,,,,Dewgong,ジュゴン,Lamantine,Jugong,쥬레곤,白海獅,白海狮,
88,116,106,,,117,,64,,,,111,,,,,,57,57,,,,,,,194,Grimer,ベトベター,Tadmorv,Sleima,질퍽이,臭泥,臭泥,
89,117,107,,,118,,65,,,,112,,,,,,58,58,,,,,,,195,Muk,ベトベトン,Grotadmorv,Sleimok,질뻐기,臭臭泥,臭臭泥,
90,169,,,,171,,,,36,,,,,,,,138,138,,,,150,131,,329,Shellder,シェルダー,Kokiyas,Muschas,셀러,大舌貝,大舌贝,
91,170,,,,172,,,,37,,,,,,,,139,139,,,,151,132,,330,Cloyster,パルシェン,Crustabri,Austos,파르셀,刺甲貝,刺甲贝,
92,58,,69,69,58,,,,,30,,,,,,,73,73,23,,,141,,,68,Gastly,ゴース,Fantominus,Nebulak,고오스,鬼斯,鬼斯,136
93,59,,70,70,59,,,,,31,,,,,,,74,74,24,,,142,,,69,Haunter,ゴースト,Spectrum,Alpollo,고우스트,鬼斯通,鬼斯通,137
94,60,,71,71,60,,,,,32,,,,,,,75,75,25,,,143,,,70,Gengar,ゲンガー,Ectoplasma,Gengar,팬텀,耿鬼,耿鬼,138
95,62,,34,34,62,,71,,53,,,,,,,,,,,,,178,,,,Onix,イワーク,Onix,Onix,롱스톤,大岩蛇,大岩蛇,118
96,87,,,,87,,,,,,,,,,,,66,66,,,20,,,,66,Drowzee,スリープ,Soporifik,Traumato,슬리프,催眠貘,催眠貘,
97,88,,,,88,,,,,,,,,,,,67,67,,,21,,,,67,Hypno,スリーパー,Hypnomade,Hypno,슬리퍼,引夢貘人,引梦貘人,
98,164,,,,166,,,,,,,,,,,,,,,,,98,38,,,Krabby,クラブ,Krabby,Krabby,크랩,大鉗蟹,大钳蟹,
99,165,,,,167,,,,,,,,,,,,,,,,,99,39,,,Kingler,キングラー,Krabboss,Kingler,킹크랩,巨鉗蟹,巨钳蟹,
100,120,84,,,121,,,,,72,87,,,,,,,,,,,,,,207,Voltorb,ビリリダマ,Voltorbe,Voltobal,찌리리공,霹靂電球,霹雳电球,192
101,121,85,,,122,,,,,73,88,,,,,,,,,,,,,,208,Electrode,マルマイン,Électrode,Lektrobal,붐볼,頑皮雷彈,顽皮雷弹,193
102,104,,,,105,,,,136,,,,,,,,355,,,,102,,205,,,Exeggcute,タマタマ,Noeunoeuf,Owei,아라리,蛋蛋,蛋蛋,
103,105,,,,106,,,,137,,,,,,,,356,,,,103,,206,,,Exeggutor,ナッシー,Noadkoko,Kokowei,나시,椰蛋樹,椰蛋树,
104,203,,,,208,,,,60,,,,,,,,197,,98,,,,170,,,Cubone,カラカラ,Osselait,Tragosso,탕구리,卡拉卡拉,卡拉卡拉,
105,204,,,,209,,,,61,,,,,,,,198,,99,,,,171,,,Marowak,ガラガラ,Ossatueur,Knogga,텅구리,嘎啦嘎啦,嘎啦嘎啦,
106,144,,,,146,,,,,,,,,,,,,,,,,108,,,,Hitmonlee,サワムラー,Kicklee,Kicklee,시라소몬,飛腿郎,飞腿郎,
107,145,,,,147,,,,,,,,,,,,,,,,,109,,,,Hitmonchan,エビワラー,Tygnon,Nockchan,홍수몬,快拳郎,快拳郎,
108,178,,,161,180,,284,,,134,,,,,,,375,,,,122,,54,,,Lickitung,ベロリンガ,Excelangue,Schlurp,내루미,大舌頭,大舌头,125
109,114,108,,,115,,46,,,,113,,,,,,,,,,,250,,,,Koffing,ドガース,Smogo,Smogon,또가스,瓦斯彈,瓦斯弹,
110,115,109,,,116,,47,,,,114,,,,,,,,,,,251,,,,Weezing,マタドガス,Smogogo,Smogmog,또도가스,雙彈瓦斯,双弹瓦斯,
111,206,169,,186,211,,,,50,,176,,,,,,,,,,,264,183,,,Rhyhorn,サイホーン,Rhinocorne,Rihorn,뿔카노,獨角犀牛,独角犀牛,120
112,207,170,,187,212,,,,51,,177,,,,,,,,,,,265,184,,,Rhydon,サイドン,Rhinoféros,Rizeros,코뿌리,鑽角犀獸,钻角犀兽,121
113,217,,97,97,222,,,,,,,,,,,,40,40,17,,16,,7,,44,Chansey,ラッキー,Leveinard,Chaneira,럭키,吉利蛋,吉利蛋,87
114,179,,,181,182,,217,,,,,,,,,,,,,,,,80,,,Tangela,モンジャラ,Saquedeneu,Tangela,덩쿠리,蔓藤怪,蔓藤怪,95
115,205,,,,210,,,,62,,,,,,,,199,,100,,,,172,,,Kangaskhan,ガルーラ,Kangourex,Kangama,캥카,袋獸,袋兽,
116,186,184,,,190,,,,39,,193,,,,,,,,,,,,198,,,Horsea,タッツー,Hypotrempe,Seeper,쏘드라,墨海馬,墨海马,
117,187,185,,,191,,,,40,,194,,,,,,,,,,,,199,,,Seadra,シードラ,Hypocéan,Seemon,시드라,海刺龍,海刺龙,
118,78,50,78,78,78,,,53,,,51,,,,,,186,,87,,,146,94,,,Goldeen,トサキント,Poissirène,Goldini,콘치,角金魚,角金鱼,
119,79,51,79,79,79,,,54,,,52,,,,,,187,,88,,,147,95,,,Seaking,アズマオウ,Poissoroy,Golking,왕콘치,金魚王,金鱼王,
120,167,143,,,169,,238,,34,,148,,,,,,223,,124,,,,98,,,Staryu,ヒトデマン,Stari,Sterndu,별가사리,海星星,海星星,
121,168,144,,,170,,239,,35,,149,,,,,,224,,125,,,,99,,,Starmie,スターミー,Staross,Starmie,아쿠스타,寶石海星,宝石海星,
122,156,,95,95,158,,,,114,,,,,,,,60,60,,,,365,,11,,Mr. Mime,バリヤード,M. Mime,Pantimos,마임맨,魔牆人偶,魔墙人偶,77
123,110,,,195,111,,,,,136,,,,,,,365,,,,112,,118,,260,Scyther,ストライク,Insécateur,Sichlor,스라크,飛天螳螂,飞天螳螂,72
124,153,,,,155,,,,,84,,,,,,,110,110,,,,,,14,,Jynx,ルージュラ,Lippoutou,Rossana,루주라,迷唇姐,迷唇姐,
125,155,,,198,157,,57,,,,,,,,,,296,,,,,,,16,,Electabuzz,エレブー,Élektek,Elektek,에레브,電擊獸,电击兽,183
126,151,,,201,153,,54,,,,,,,,,,201,,102,,,,,19,,Magmar,ブーバー,Magmar,Magmar,마그마,鴨嘴火獸,鸭嘴火兽,175
127,112,167,,,113,,146,,130,,174,,,,,,211,,112,,78,,120,,,Pinsir,カイロス,Scarabrute,Pinsir,쁘사이저,凱羅斯,凯罗斯,
128,148,,,,150,,,,125,,,,,,,,170,,71,,73,,116,,223,Tauros,ケンタロス,Tauros,Tauros,켄타로스,肯泰羅,肯泰罗,
129,76,52,23,23,76,,,49,,,53,,,,,,111,111,34,,53,144,42,62,134,Magikarp,コイキング,Magicarpe,Karpador,잉어킹,鯉魚王,鲤鱼王,80
130,77,53,24,24,77,,,50,,,54,,,,,,112,112,35,,54,145,43,63,135,Gyarados,ギャラドス,Léviator,Garados,갸라도스,暴鯉龍,暴鲤龙,81
131,219,,,,224,,242,,150,,,,,,,,353,,,,100,361,,190,,Lapras,ラプラス,Lokhlass,Lapras,라프라스,拉普拉斯,拉普拉斯,
132,92,,,,92,,261,,,138,,,,,,,271,,,,,373,207,,212,Ditto,メタモン,Métamorph,Ditto,메타몽,百變怪,百变怪,
133,180,,,163,184,,91,,77,,,,,,,,153,,54,,,196,,74,179,Eevee,イーブイ,Évoli,Evoli,이브이,伊布,伊布,25
134,181,,,164,185,,92,,78,,,,,,,,154,,55,,,197,,75,180,Vaporeon,シャワーズ,Aquali,Aquana,샤미드,水伊布,水伊布,26
135,182,,,165,186,,93,,79,,,,,,,,155,,56,,,198,,76,181,Jolteon,サンダース,Voltali,Blitza,쥬피썬더,雷伊布,雷伊布,27
136,183,,,166,187,,94,,80,,,,,,,,156,,57,,,199,,77,182,Flareon,ブースター,Pyroli,Flamara,부스터,火伊布,火伊布,28
137,215,,,192,220,,,,,,,,,,,,281,,,,,,208,,,Porygon,ポリゴン,Porygon,Porygon,폴리곤,多邊獸,多边兽,133
138,220,,,,225,,,,,,,,,,,,227,,128,,,,,123,,Omanyte,オムナイト,Amonita,Amonitas,암나이트,菊石獸,菊石兽,
139,221,,,,226,,,,,,,,,,,,228,,129,,,,,124,,Omastar,オムスター,Amonistar,Amoroso,암스타,多刺菊石獸,多刺菊石兽,
140,222,,,,227,,,,,,,,,,,,229,,130,,,,,125,,Kabuto,カブト,Kabuto,Kabuto,투구,化石盔,化石盔,
141,223,,,,228,,,,,,,,,,,,230,,131,,,,,126,,Kabutops,カブトプス,Kabutops,Kabutops,투구푸스,鐮刀盔,镰刀盔,
142,224,,,,229,,,,68,,,,,,,,382,,,,129,,,127,,Aerodactyl,プテラ,Ptéra,Aerodactyl,프테라,化石翼龍,化石翼龙,
143,225,,113,113,230,,,139,,,,,,,,,43,43,,,,261,,173,,Snorlax,カビゴン,Ronflex,Relaxo,잠만보,卡比獸,卡比兽,52
144,235,,,,240,,,,151,,,,,,,,,,,,,,,202,,Articuno,フリーザー,Artikodin,Arktos,프리져,急凍鳥,急冻鸟,
145,236,,,,241,,,,152,,,,,,,,,,,,,,,203,,Zapdos,サンダー,Électhor,Zapdos,썬더,閃電鳥,闪电鸟,
146,237,,,,242,,,,153,,,,,,,,,,,,,,,204,,Moltres,ファイヤー,Sulfura,Lavados,파이어,火焰鳥,火焰鸟,
147,241,,,,246,,,,,145,,,,,,,379,,,,126,,,194,347,Dratini,ミニリュウ,Minidraco,Dratini,미뇽,迷你龍,迷你龙,
148,242,,,,247,,,,,146,,,,,,,380,,,,127,,,195,348,Dragonair,ハクリュー,Draco,Dragonir,신뇽,哈克龍,哈克龙,
149,243,,,,248,,,,,147,,,,,,,381,,,,128,,,196,349,Dragonite,カイリュー,Dracolosse,Dragoran,망나뇽,快龍,快龙,
150,249,,,,254,,,,,151,,,,,,,,,,,,,,,,Mewtwo,ミュウツー,Mewtwo,Mewtu,뮤츠,超夢,超梦,
151,250,,,,255,,,,,,,,,,,,,,,,,,,,,Mew,ミュウ,Mew,Mew,뮤,夢幻,梦幻,
152,1,,,,1,,,,,,,,,,,,,,,,,,,,,Chikorita,チコリータ,Germignon,Endivie,치코리타,菊草葉,菊草叶,
153,2,,,,2,,,,,,,,,,,,,,,,,,,,,Bayleef,ベイリーフ,Macronium,Lorblatt,베이리프,月桂葉,月桂叶,
154,3,,,,3,,,,,,,,,,,,,,,,,,,,,Meganium,メガニウム,Méganium,Meganie,메가니움,大竺葵,大竺葵,
155,4,,,,4,,,,,,,,,,,,,,,,,,,,,Cyndaquil,ヒノアラシ,Héricendre,Feurigel,브케인,火球鼠,火球鼠,4
156,5,,,,5,,,,,,,,,,,,,,,,,,,,,Quilava,マグマラシ,Feurisson,Igelavar,마그케인,火岩鼠,火岩鼠,5
157,6,,,,6,,,,,,,,,,,,,,,,,,,,,Typhlosion,バクフーン,Typhlosion,Tornupto,블레이범,火爆獸,火暴兽,6
158,7,,,,7,,,,,,,,,,,,,,,,,,,,,Totodile,ワニノコ,Kaiminus,Karnimani,리아코,小鋸鱷,小锯鳄,
159,8,,,,8,,,,,,,,,,,,,,,,,,,,,Croconaw,アリゲイツ,Crocrodil,Tyracroc,엘리게이,藍鱷,蓝鳄,
160,9,,,,9,,,,,,,,,,,,,,,,,,,,,Feraligatr,オーダイル,Aligatueur,Impergator,장크로다일,大力鱷,大力鳄,
161,19,,,,19,,,109,,,,,,,,,,,,,,,,,,Sentret,オタチ,Fouinette,Wiesor,꼬리선,尾立,尾立,
162,20,,,,20,,,110,,,,,,,,,,,,,,,,,,Furret,オオタチ,Fouinar,Wiesenior,다꼬리,大尾立,大尾立,
163,15,,106,106,15,,,,,117,,,,,,,212,,113,,,19,,,,Hoothoot,ホーホー,Hoothoot,Hoothoot,부우부,咕咕,咕咕,
164,16,,107,107,16,,,,,118,,,,,,,213,,114,,,20,,,,Noctowl,ヨルノズク,Noarfang,Noctuh,야부엉,貓頭夜鷹,猫头夜鹰,
165,30,,,,30,,,74,,,,,,,,,20,20,,,,,,,,Ledyba,レディバ,Coxy,Ledyba,레디바,芭瓢蟲,芭瓢虫,
166,31,,,,31,,,75,,,,,,,,,21,21,,,,,,,,Ledian,レディアン,Coxyclaque,Ledian,레디안,安瓢蟲,安瓢虫,
167,32,,,,32,,,,,107,,,,,,,22,22,,,,,,,,Spinarak,イトマル,Mimigal,Webarak,페이검,圓絲蛛,圆丝蛛,
168,33,,,,33,,,,,108,,,,,,,23,23,,,,,,,,Ariados,アリアドス,Migalos,Ariados,아리아도스,阿利多斯,阿利多斯,
169,39,65,30,30,39,,63,147,,,67,,,,,,82,82,28,,28,,,146,,Crobat,クロバット,Nostenfer,Iksbat,크로뱃,叉字蝠,叉字蝠,36
170,174,181,,,176,,,,147,,190,,,,,,257,,158,,,220,188,,,Chinchou,チョンチー,Loupio,Lampi,초라기,燈籠魚,灯笼鱼,
171,175,182,,,177,,,,148,,191,,,,,,258,,159,,,221,189,,,Lanturn,ランターン,Lanturn,Lanturn,랜턴,電燈怪,电灯怪,
172,21,155,103,103,21,,,35,,,162,,,,,,31,31,,,,193,84,,73,Pichu,ピチュー,Pichu,Pichu,피츄,皮丘,皮丘,55
173,40,,99,99,40,,88,,,,,,,,,,272,,,,,254,,43,,Cleffa,ピィ,Mélo,Pii,삐,皮寶寶,皮宝宝,199
174,43,137,,,43,,281,,,119,142,,,,,,167,,68,,,,11,,59,Igglybuff,ププリン,Toudoudou,Fluffeluff,푸푸린,寶寶丁,宝宝丁,
175,46,,,173,46,,,,,,,,,,,,,,,,,257,,,,Togepi,トゲピー,Togepi,Togepi,토게피,波克比,波克比,127
176,47,,,174,47,,,,,,,,,,,,,,,,,258,,,,Togetic,トゲチック,Togetic,Togetic,토게틱,波克基古,波克基古,128
177,159,162,,,161,,,,,,169,,,,,,252,,153,,,92,,,,Natu,ネイティ,Natu,Natu,네이티,天然雀,天然雀,
178,160,163,,,162,,,,,,170,,,,,,253,,154,,,93,,,,Xatu,ネイティオ,Xatu,Xatu,네이티오,天然鳥,天然鸟,
179,53,,,,53,,25,,127,,,,,,,,162,,63,,,,,,101,Mareep,メリープ,Wattouat,Voltilamm,메리프,咩利羊,咩利羊,
180,54,,,,54,,26,,128,,,,,,,,163,,64,,,,,,102,Flaaffy,モココ,Lainergie,Waaty,보송송,茸茸羊,茸茸羊,
181,55,,,,55,,27,,129,,,,,,,,164,,65,,,,,,103,Ampharos,デンリュウ,Pharamp,Ampharos,전룡,電龍,电龙,
182,86,91,,,86,,,108,,,94,,,,,,,,,,,58,,,,Bellossom,キレイハナ,Joliflor,Blubella,아르코,美麗花,美丽花,
183,130,55,125,125,132,,31,42,,,56,,,,,,,,,,,,140,,47,Marill,マリル,Marill,Marill,마릴,瑪力露,玛力露,
184,131,56,126,126,133,,32,43,,,57,,,,,,,,,,,,141,,48,Azumarill,マリルリ,Azumarill,Azumarill,마릴리,瑪力露麗,玛力露丽,
185,106,,93,93,107,,,,,130,,,,,,,38,38,15,,,253,,,88,Sudowoodo,ウソッキー,Simularbre,Mogelbaum,꼬지모,樹才怪,树才怪,124
186,75,,,,75,,,,,36,,,,,,,185,,86,,,,145,,,Politoed,ニョロトノ,Tarpaud,Quaxo,왕구리,蚊香蛙皇,蚊香蛙皇,
187,67,,,,67,,,135,,,,,,,,,,,,,,,,,16,Hoppip,ハネッコ,Granivol,Hoppspross,통통코,毽子草,毽子草,
188,68,,,,68,,,136,,,,,,,,,,,,,,,,,17,Skiploom,ポポッコ,Floravol,Hubelupf,두코,毽子花,毽子花,
189,69,,,,69,,,137,,,,,,,,,,,,,,,,,18,Jumpluff,ワタッコ,Cotovol,Papungha,솜솜코,毽子棉,毽子棉,
190,122,,63,63,123,,,,,,,,,,,,368,,,,115,,,,,Aipom,エイパム,Capumain,Griffel,에이팜,長尾怪手,长尾怪手,78
191,102,,,,103,,20,,,,,,,,,,,,,,,,,,31,Sunkern,ヒマナッツ,Tournegrin,Sonnkern,해너츠,向日種子,向日种子,
192,103,,,,104,,21,,,,,,,,,,,,,,,,,,32,Sunflora,キマワリ,Héliatronc,Sonnflora,해루미,向日花怪,向日花怪,
193,101,,,183,101,,286,,87,,,,,,,,,,,,,,,,,Yanma,ヤンヤンマ,Yanma,Yanma,왕자리,蜻蜻蜓,蜻蜻蜓,105
194,56,,117,117,56,,,,,17,,,,,,,,,,,,100,58,,53,Wooper,ウパー,Axoloto,Felino,우파,烏波,乌波,
195,57,,118,118,57,,,,,18,,,,,,,,,,,,101,59,,,Quagsire,ヌオー,Maraiste,Morlord,누오,沼王,沼王,
196,184,,,167,188,,95,,81,,,,,,,,157,,58,,,200,,79,183,Espeon,エーフィ,Mentali,Psiana,에브이,太陽伊布,太阳伊布,29
197,185,,,168,189,,96,,82,,,,,,,,158,,59,,,201,,78,184,Umbreon,ブラッキー,Noctali,Nachtara,블래키,月亮伊布,月亮伊布,30
198,208,,74,74,213,,,,,51,,,,,,,78,78,,,,,,,232,Murkrow,ヤミカラス,Cornèbre,Kramurx,니로우,黑暗鴉,黑暗鸦,140
199,82,,,,82,,,,135,,,,,,,,46,46,,,,,3,,326,Slowking,ヤドキング,Roigada,Laschoking,야도킹,呆呆王,呆呆王,
200,214,,72,72,219,,,,,,,,,,,,372,,,,119,,,,114,Misdreavus,ムウマ,Feuforêve,Traunfugil,무우마,夢妖,梦妖,197
201,61,,114,114,61,,,,,,,,,,,,,,,,,,,,,Unown,アンノーン,Zarbi,Icognito,안농,未知圖騰,未知图腾,142
202,107,161,,,108,,,,119,,168,,,,,,,,,,,217,,,,Wobbuffet,ソーナンス,Qulbutoké,Woingenau,마자용,果然翁,果然翁,
203,147,164,121,121,149,,,,,,171,,,,,,,,,,,,,,192,Girafarig,キリンリキ,Girafarig,Girafarig,키링키,麒麟奇,麒麟奇,
204,93,,,,93,,,,,,,,,,,,268,,,,,,,,258,Pineco,クヌギダマ,Pomdepik,Tannza,피콘,榛果球,榛果球,
205,94,,,,94,,,,,,,,,,,,269,,,,,,,,259,Forretress,フォレトス,Foretress,Forstellka,쏘콘,佛烈托斯,佛烈托斯,
206,52,,,,52,,35,40,,,,,,,,,63,63,,,,,52,,188,Dunsparce,ノコッチ,Insolourdo,Dummisel,노고치,土龍弟弟,土龙弟弟,
207,189,,,153,193,,221,,,115,,,,,,,,,,,,,,,,Gligar,グライガー,Scorplane,Skorgla,글라이거,天蠍,天蝎,185
208,63,,35,35,63,,72,,54,,,,,,,,,,,,,179,,,,Steelix,ハガネール,Steelix,Stahlos,강철톤,大鋼蛇,大钢蛇,119
209,123,,,,125,,,,71,,,,,,,,339,,,,86,,,,,Snubbull,ブルー,Snubbull,Snubbull,블루,布魯,布鲁,
210,124,,,,126,,,,72,,,,,,,,340,,,,87,,,,,Granbull,グランブル,Granbull,Granbull,그랑블루,布魯皇,布鲁皇,
211,161,,,,163,,,,38,,,,,,,,,,,,,304,,,331,Qwilfish,ハリーセン,Qwilfish,Baldorfish,침바루,千針魚,千针鱼,84
212,111,,,196,112,,,,,137,,,,,,,366,,,,113,,119,,261,Scizor,ハッサム,Cizayox,Scherox,핫삼,巨鉗螳螂,巨钳螳螂,74
213,166,,,,168,,232,,,14,,,,,,,,,,,,227,,170,,Shuckle,ツボツボ,Caratroc,Pottrott,단단지,壺壺,壶壶,
214,113,168,62,62,114,,145,,131,,175,,,,,,367,,,,114,,121,,262,Heracross,ヘラクロス,Scarhino,Skaraborn,헤라크로스,赫拉克羅斯,赫拉克罗斯,75
215,213,,144,144,218,,252,,,91,,,,,,,326,,,,,292,,28,230,Sneasel,ニューラ,Farfuret,Sniebel,포푸니,狃拉,狃拉,202
216,193,,,,198,,,,,132,,,,,,,,,,,,,,,215,Teddiursa,ヒメグマ,Teddiursa,Teddiursa,깜지곰,熊寶寶,熊宝宝,112
217,194,,,,199,,,,,133,,,,,,,,,,,,,,,216,Ursaring,リングマ,Ursaring,Ursaring,링곰,圈圈熊,圈圈熊,113
218,211,103,,,216,,,,,12,108,,,,,,,,,,,,,,,Slugma,マグマッグ,Limagma,Schneckmag,마그마그,熔岩蟲,熔岩虫,
219,212,104,,,217,,,,,13,109,,,,,,,,,,,,,,,Magcargo,マグカルゴ,Volcaropod,Magcargo,마그카르고,熔岩蝸牛,熔岩蜗牛,
220,191,,,203,195,,258,,,76,,,,,,,,,,,,75,,7,,Swinub,ウリムー,Marcacrin,Quiekel,꾸꾸리,小山豬,小山猪,212
221,192,,,204,196,,259,,,77,,,,,,,,,,,,76,,8,,Piloswine,イノムー,Cochignon,Keifel,메꾸리,長毛豬,长毛猪,213
222,171,180,,,173,,237,,146,,189,,,,,,135,135,44,,,236,,,,Corsola,サニーゴ,Corayon,Corasonn,코산호,太陽珊瑚,太阳珊瑚,
223,172,,132,132,174,,235,,144,,,,,,,,143,143,47,,,148,44,,,Remoraid,テッポウオ,Rémoraid,Remoraid,총어,鐵砲魚,铁炮鱼,146
224,173,,133,133,175,,236,,145,,,,,,,,144,144,48,,,149,45,,,Octillery,オクタン,Octillery,Octillery,대포무노,章魚桶,章鱼桶,147
225,190,,,,194,,254,,,90,,,,,,,95,95,,,,78,,120,354,Delibird,デリバード,Cadoizo,Botogel,딜리버드,信使鳥,信使鸟,
226,197,,141,141,202,,234,,140,,,,,,,,146,146,50,,,355,47,,,Mantine,マンタイン,Démanta,Mantax,만타인,巨翅飛魚,巨翅飞鱼,165
227,198,115,,,203,,203,,,112,120,,,,,,270,,,,85,,153,,,Skarmory,エアームド,Airmure,Panzaeron,무장조,盔甲鳥,盔甲鸟,
228,209,,,176,214,,,,75,,,,,,,,289,,,,,,,,25,Houndour,デルビル,Malosse,Hunduster,델빌,戴魯比,戴鲁比,
229,210,,,177,215,,,,76,,,,,,,,290,,,,,,,,26,Houndoom,ヘルガー,Démolosse,Hundemon,헬가,黑魯加,黑鲁加,
230,188,186,,,192,,,,41,,195,,,,,,,,,,,,200,,,Kingdra,キングドラ,Hyporoi,Seedraking,킹드라,刺龍王,刺龙王,
231,195,165,,,200,,,,,,172,,,,,,,,,,,,,,122,Phanpy,ゴマゾウ,Phanpy,Phanpy,코코리,小小象,小小象,
232,196,166,,,201,,,,,,173,,,,,,,,,,,,,,123,Donphan,ドンファン,Donphan,Donphan,코리갑,頓甲,顿甲,
233,216,,,193,221,,,,,,,,,,,,282,,,,,,209,,,Porygon2,ポリゴン２,Porygon2,Porygon2,폴리곤2,多邊獸２,多边兽２,134
234,129,,,,131,,,,,,,,,,,,,,,,,,,,204,Stantler,オドシシ,Cerfrousse,Damhirplex,노라키,驚角鹿,惊角鹿,49
235,157,,,,159,,,124,,,,,,,,,70,70,,,,,,,,Smeargle,ドーブル,Queulorior,Farbeagle,루브도,圖圖犬,图图犬,
236,143,,,,145,,,,,,,,,,,,,,,,,107,,,,Tyrogue,バルキー,Debugant,Rabauz,배루키,無畏小子,无畏小子,
237,146,,,,148,,,,,,,,,,,,,,,,,110,,,,Hitmontop,カポエラー,Kapoera,Kapoera,카포에라,戰舞郎,战舞郎,
238,152,,,,154,,,,,83,,,,,,,109,109,,,,,,13,,Smoochum,ムチュール,Lippouti,Kussilla,뽀뽀라,迷唇娃,迷唇娃,
239,154,,,197,156,,56,,,,,,,,,,295,,,,,,,15,,Elekid,エレキッド,Élekid,Elekid,에레키드,電擊怪,电击怪,182
240,150,,,200,152,,53,,,,,,,,,,200,,101,,,,,18,,Magby,ブビィ,Magby,Magby,마그비,鴨嘴寶寶,鸭嘴宝宝,174
241,149,,,,151,,,,126,,,,,,,,171,,72,,74,,117,,,Miltank,ミルタンク,Écrémeuh,Miltank,밀탱크,大奶罐,大奶罐,
242,218,,98,98,223,,,,,,,,,,,,41,41,18,,17,,8,,45,Blissey,ハピナス,Leuphorie,Heiteira,해피너스,幸福蛋,幸福蛋,88
243,238,,,,243,,,,,,,,,,,,,,,,,,,,,Raikou,ライコウ,Raikou,Raikou,라이코,雷公,雷公,
244,239,,,,244,,,,,,,,,,,,,,,,,,,,,Entei,エンテイ,Entei,Entei,앤테이,炎帝,炎帝,
245,240,,,,245,,,,,,,,,,,,,,,,,,,,,Suicune,スイクン,Suicune,Suicune,스이쿤,水君,水君,
246,244,,,,249,,292,,,102,,,,,,,247,,148,,,383,,139,316,Larvitar,ヨーギラス,Embrylex,Larvitar,애버라스,幼基拉斯,幼基拉斯,
247,245,,,,250,,293,,,103,,,,,,,248,,149,,,384,,140,317,Pupitar,サナギラス,Ymphect,Pupitar,데기라스,沙基拉斯,沙基拉斯,
248,246,,,,251,,294,,,104,,,,,,,249,,150,,,385,,141,318,Tyranitar,バンギラス,Tyranocif,Despotar,마기라스,班基拉斯,班基拉斯,
249,247,,,,252,,,,,,,,,,,,,,,,,,,,,Lugia,ルギア,Lugia,Lugia,루기아,洛奇亞,洛奇亚,
250,248,,,,253,,,,,,,,,,,,,,,,,,,,,Ho-Oh,ホウオウ,Ho-Oh,Ho-Oh,칠색조,鳳王,凤王,
251,251,,,,256,,,,,,,,,,,,,,,,,,,,,Celebi,セレビィ,Celebi,Celebi,세레비,時拉比,时拉比,
252,,1,,,,,,,,,1,,,,,,,,,,,,,,,Treecko,キモリ,Arcko,Geckarbor,나무지기,木守宮,木守宫,
253,,2,,,,,,,,,2,,,,,,,,,,,,,,,Grovyle,ジュプトル,Massko,Reptain,나무돌이,森林蜥蜴,森林蜥蜴,
254,,3,,,,,,,,,3,,,,,,,,,,,,,,,Sceptile,ジュカイン,Jungko,Gewaldro,나무킹,蜥蜴王,蜥蜴王,
255,,4,,,,,,,,,4,,,,,,,,,,,,,,,Torchic,アチャモ,Poussifeu,Flemmli,아차모,火稚雞,火稚鸡,
256,,5,,,,,,,,,5,,,,,,,,,,,,,,,Combusken,ワカシャモ,Galifeu,Jungglut,영치코,力壯雞,力壮鸡,
257,,6,,,,,,,,,6,,,,,,,,,,,,,,,Blaziken,バシャーモ,Braségali,Lohgock,번치코,火焰雞,火焰鸡,
258,,7,,,,,,,,,7,,,,,,,,,,,,,,,Mudkip,ミズゴロウ,Gobou,Hydropi,물짱이,水躍魚,水躍鱼,
259,,8,,,,,,,,,8,,,,,,,,,,,,,,,Marshtomp,ヌマクロー,Flobio,Moorabbel,늪짱이,沼躍魚,沼躍鱼,
260,,9,,,,,,,,,9,,,,,,,,,,,,,,,Swampert,ラグラージ,Laggron,Sumpex,대짱이,巨沼怪,巨沼怪,
261,,10,,,,,,,,44,10,,,,,,,,,,,,,,,Poochyena,ポチエナ,Medhyèna,Fiffyen,포챠나,土狼犬,土狼犬,
262,,11,,,,,,,,45,11,,,,,,,,,,,,,,,Mightyena,グラエナ,Grahyèna,Magnayen,그라에나,大狼犬,大狼犬,
263,,12,,,,,,12,,,12,,,,,,,,,,,31,,71,,Zigzagoon,ジグザグマ,Zigzaton,Zigzachs,지그제구리,蛇紋熊,蛇纹熊,
264,,13,,,,,,13,,,13,,,,,,,,,,,32,,72,,Linoone,マッスグマ,Linéon,Geradaks,직구리,直衝熊,直冲熊,
265,,14,48,48,,,,,,,14,,,,,,,,,,,,,,,Wurmple,ケムッソ,Chenipotte,Waumpel,개무소,刺尾蟲,刺尾虫,18
266,,15,49,49,,,,,,,15,,,,,,,,,,,,,,,Silcoon,カラサリス,Armulys,Schaloko,실쿤,甲殼繭,甲壳茧,19
267,,16,50,50,,,,,,,16,,,,,,,,,,,,,,,Beautifly,アゲハント,Charmillon,Papinella,뷰티플라이,狩獵鳳蝶,狩猎凤蝶,20
268,,17,51,51,,,,,,,17,,,,,,,,,,,,,,,Cascoon,マユルド,Blindalys,Panekon,카스쿤,盾甲繭,盾甲茧,21
269,,18,52,52,,,,,,,18,,,,,,,,,,,,,,,Dustox,ドクケイル,Papinox,Pudox,독케일,毒粉蛾,毒粉蛾,22
270,,19,,,,,,,,55,19,,,,,,,,,,,36,,,,Lotad,ハスボー,Nénupiot,Loturzel,연꽃몬,蓮葉童子,莲叶童子,
271,,20,,,,,,,,56,20,,,,,,,,,,,37,,,,Lombre,ハスブレロ,Lombre,Lombrero,로토스,蓮帽小童,莲帽小童,
272,,21,,,,,,,,57,21,,,,,,,,,,,38,,,,Ludicolo,ルンパッパ,Ludicolo,Kappalores,로파파,樂天河童,乐天河童,
273,,22,,,,,,,,,22,,,,,,,,,,,39,,,,Seedot,タネボー,Grainipiot,Samurzel,도토링,橡實果,橡实果,
274,,23,,,,,,,,,23,,,,,,,,,,,40,,,,Nuzleaf,コノハナ,Pifeuil,Blanas,잎새코,長鼻葉,长鼻叶,
275,,24,,,,,,,,,24,,,,,,,,,,,41,,,,Shiftry,ダーテング,Tengalice,Tengulist,다탱구,狡猾天狗,狡猾天狗,
276,,25,,,,,,,19,,25,,,,,,,,,,,,,,,Taillow,スバメ,Nirondelle,Schwalbini,테일로,傲骨燕,傲骨燕,
277,,26,,,,,,,20,,26,,,,,,,,,,,,,,,Swellow,オオスバメ,Hélédelle,Schwalboss,스왈로,大王燕,大王燕,
278,,27,119,119,,,212,,17,,27,,,,,,47,47,19,,18,62,48,,132,Wingull,キャモメ,Goélise,Wingull,갈모매,長翅鷗,长翅鸥,
279,,28,120,120,,,213,,18,,28,,,,,,48,48,20,,19,63,49,,133,Pelipper,ペリッパー,Bekipan,Pelipper,패리퍼,大嘴鷗,大嘴鸥,
280,,29,,157,,,,64,,,29,,,,,,,,,,,120,34,,62,Ralts,ラルトス,Tarsal,Trasla,랄토스,拉魯拉絲,拉鲁拉丝,101
281,,30,,158,,,,65,,,30,,,,,,,,,,,121,35,,63,Kirlia,キルリア,Kirlia,Kirlia,킬리아,奇魯莉安,奇鲁莉安,102
282,,31,,159,,,,66,,,31,,,,,,,,,,,122,36,,64,Gardevoir,サーナイト,Gardevoir,Guardevoir,가디안,沙奈朵,沙奈朵,103
283,,32,,,,,,47,,,33,,,,,,172,,73,,,,,,49,Surskit,アメタマ,Arakdo,Gehweiher,비구술,溜溜糖球,溜溜糖球,
284,,33,,,,,,48,,,34,,,,,,173,,74,,,,,,50,Masquerain,アメモース,Maskadra,Maskeregen,비나방,雨翅蛾,雨翅蛾,
285,,34,,,,,,,,,35,,,,,,,,,,,,,,106,Shroomish,キノココ,Balignon,Knilz,버섯꼬,蘑蘑菇,蘑蘑菇,
286,,35,,,,,,,,,36,,,,,,,,,,,,,,107,Breloom,キノガッサ,Chapignon,Kapilz,버섯모,斗笠菇,斗笠菇,
287,,36,,,,,276,,,,37,,,,,,,,,,,,,,78,Slakoth,ナマケロ,Parecool,Bummelz,게을로,懶人獺,懒人獭,
288,,37,,,,,277,,,,38,,,,,,,,,,,,,,79,Vigoroth,ヤルキモノ,Vigoroth,Muntier,발바로,過動猿,过动猿,
289,,38,,,,,278,,,,39,,,,,,,,,,,,,,80,Slaking,ケッキング,Monaflèmit,Letarking,게을킹,請假王,请假王,
290,,42,,,,,,111,,,43,,,,,,,,,,,104,,,,Nincada,ツチニン,Ningale,Nincada,토중몬,土居忍士,土居忍士,
291,,43,,,,,,112,,,44,,,,,,,,,,,105,,,,Ninjask,テッカニン,Ninjask,Ninjask,아이스크,鐵面忍者,铁面忍者,
292,,44,,,,,,113,,,45,,,,,,,,,,,106,,,,Shedinja,ヌケニン,Munja,Ninjatom,껍질몬,脫殼忍者,脱壳忍者,
293,,45,,,,,,140,,,46,,,,,,,,,,,,148,,,Whismur,ゴニョニョ,Chuchmur,Flurmel,소곤룡,咕妞妞,咕妞妞,
294,,46,,,,,,141,,,47,,,,,,,,,,,,149,,,Loudred,ドゴーム,Ramboum,Krakeelo,노공룡,吼爆彈,吼爆弹,
295,,47,,,,,,142,,,48,,,,,,,,,,,,150,,,Exploud,バクオング,Brouhabam,Krawumms,폭음룡,爆音怪,爆音怪,
296,,48,,,,,,,95,,49,,,,,,68,68,,,22,,,,116,Makuhita,マクノシタ,Makuhita,Makuhita,마크탕,幕下力士,幕下力士,
297,,49,,,,,,,96,,50,,,,,,69,69,,,23,,,,117,Hariyama,ハリテヤマ,Hariyama,Hariyama,하리뭉,鐵掌力士,铁掌力士,
298,,54,124,124,,,30,41,,,55,,,,,,,,,,,,139,,46,Azurill,ルリリ,Azurill,Azurill,루리리,露力麗,露力丽,
299,,60,,155,,,164,,93,,61,,,,,,254,,155,,,,,,,Nosepass,ノズパス,Tarinor,Nasgnet,코코파스,朝北鼻,朝北鼻,190
300,,61,,,,,78,78,,,63,,,,,,,,,,,,,,,Skitty,エネコ,Skitty,Eneco,에나비,向尾喵,向尾喵,
301,,62,,,,,79,79,,,64,,,,,,,,,,,,,,,Delcatty,エネコロロ,Delcatty,Enekoro,델케티,優雅貓,优雅猫,
302,,68,,,,,,,123,,70,,,,,,124,124,,,64,294,,174,297,Sableye,ヤミラミ,Ténéfix,Zobiris,깜까미,勾魂眼,勾魂眼,
303,,69,,,,,,,63,,71,,,,,,125,125,,,,295,,175,,Mawile,クチート,Mysdibule,Flunkifer,입치트,大嘴娃,大嘴娃,
304,,70,,,,,166,,,99,72,,,,,,,,,,,,,191,,Aron,ココドラ,Galekid,Stollunior,가보리,可可多拉,可可多拉,
305,,71,,,,,167,,,100,73,,,,,,,,,,,,,192,,Lairon,コドラ,Galegon,Stollrak,갱도라,可多拉,可多拉,
306,,72,,,,,168,,,101,74,,,,,,,,,,,,,193,,Aggron,ボスゴドラ,Galeking,Stolloss,보스로라,波士可多拉,波士可多拉,
307,,76,86,86,,,,143,,,78,,,,,,,,,,,,,,161,Meditite,アサナン,Méditikka,Meditie,요가랑,瑪沙那,玛沙那,
308,,77,87,87,,,,144,,,79,,,,,,,,,,,,,,162,Medicham,チャーレム,Charmina,Meditalis,요가램,恰雷姆,恰雷姆,
309,,78,,,,,,,73,,80,,,,,,293,,,,,66,,,,Electrike,ラクライ,Dynavolt,Frizelbliz,썬더라이,落雷獸,落雷兽,
310,,79,,,,,,,74,,81,,,,,,294,,,,,67,,,,Manectric,ライボルト,Élecsprint,Voltenso,썬더볼트,雷電獸,雷电兽,
311,,80,,,,,,96,,,82,,,,,,,,,,,,,,,Plusle,プラスル,Posipi,Plusle,플러시,正電拍拍,正电拍拍,
312,,81,,,,,,97,,,83,,,,,,,,,,,,,,,Minun,マイナン,Négapi,Minun,마이농,負電拍拍,負电拍拍,
313,,86,,,,,,133,,,89,,,,,,,,,,,,,,,Volbeat,バルビート,Muciole,Volbeat,볼비트,電螢蟲,电萤虫,
314,,87,,,,,,134,,,90,,,,,,,,,,,,,,,Illumise,イルミーゼ,Lumivole,Illumise,네오비트,甜甜螢,甜甜萤,
315,,94,26,26,,,134,72,,,98,,,,,,,,,,,60,,,,Roselia,ロゼリア,Rosélia,Roselia,로젤리아,毒薔薇,毒蔷薇,90
316,,95,,,,,,98,,,100,,,,,,,,,,,,,,139,Gulpin,ゴクリン,Gloupti,Schluppuck,꼴깍몬,溶食獸,溶食兽,
317,,96,,,,,,99,,,101,,,,,,,,,,,,,,140,Swalot,マルノーム,Avaltout,Schlukwech,꿀꺽몬,吞食獸,吞食兽,
318,,97,,,,,,55,,,102,,,,,,345,,,,92,,111,,,Carvanha,キバニア,Carvanha,Kanivanha,샤프니아,利牙魚,利牙鱼,
319,,98,,,,,,56,,,103,,,,,,346,,,,93,,112,,,Sharpedo,サメハダー,Sharpedo,Tohaido,샤크니아,巨牙鯊,巨牙鲨,
320,,99,,,,,240,,27,,104,,,,,,351,,,,98,356,190,,,Wailmer,ホエルコ,Wailmer,Wailmer,고래왕자,吼吼鯨,吼吼鲸,
321,,100,,,,,241,,28,,105,,,,,,352,,,,99,357,191,,,Wailord,ホエルオー,Wailord,Wailord,고래왕,吼鯨王,吼鲸王,
322,,101,,,,,204,,,,106,,,,,,,,,,,,,,151,Numel,ドンメル,Chamallot,Camaub,둔타,呆火駝,呆火驼,
323,,102,,,,,205,,,,107,,,,,,,,,,,,,,152,Camerupt,バクーダ,Camérupt,Camerupt,폭타,噴火駝,喷火驼,
324,,105,,,,,,,,96,110,,,,,,287,,,,,300,173,,150,Torkoal,コータス,Chartor,Qurtel,코터스,煤炭龜,煤炭龟,
325,,110,,,,,206,,7,,115,,,,,,,,,,,,,,111,Spoink,バネブー,Spoink,Spoink,피그점프,跳跳豬,跳跳猪,
326,,111,,,,,207,,8,,116,,,,,,,,,,,,,,112,Grumpig,ブーピッグ,Groret,Groink,피그킹,噗噗豬,噗噗猪,
327,,114,,,,,,,,131,119,,,,,,128,128,,,,,,,,Spinda,パッチール,Spinda,Pandir,얼루기,晃晃斑,晃晃斑,
328,,116,,,,,121,,,3,121,,,,,,304,,,,,321,,,,Trapinch,ナックラー,Kraknoix,Knacklion,톱치,大顎蟻,大颚蚁,
329,,117,,,,,122,,,4,122,,,,,,305,,,,,322,,,,Vibrava,ビブラーバ,Vibraninf,Vibrava,비브라바,超音波幼蟲,超音波幼虫,
330,,118,,,,,123,,,5,123,,,,,,306,,,,,323,,,,Flygon,フライゴン,Libégon,Libelldra,플라이곤,沙漠蜻蜓,沙漠蜻蜓,
331,,119,,,,,,,,,124,,,,,,,,,,,,,,252,Cacnea,サボネア,Cacnea,Tuska,선인왕,刺球仙人掌,刺球仙人掌,
332,,120,,,,,,,,,125,,,,,,,,,,,,,,253,Cacturne,ノクタス,Cacturne,Noktuska,밤선인,夢歌仙人掌,梦歌仙人掌,
333,,121,,171,,,246,,,139,126,,,,,,,,,,,,,35,219,Swablu,チルット,Tylton,Wablu,파비코,青綿鳥,青绵鸟,
334,,122,,172,,,247,,,140,127,,,,,,,,,,,,,36,220,Altaria,チルタリス,Altaria,Altaria,파비코리,七夕青鳥,七夕青鸟,
335,,123,,,,,186,,5,,128,,,,,,,,,,,,,,217,Zangoose,ザングース,Mangriff,Sengo,쟝고,貓鼬斬,猫鼬斩,
336,,124,,,,,187,,6,,129,,,,,,,,,,,,,,218,Seviper,ハブネーク,Séviper,Vipitis,세비퍼,飯匙蛇,饭匙蛇,
337,,125,,,,,214,,12,,130,,,,,,,,,,,362,,,,Lunatone,ルナトーン,Séléroc,Lunastein,루나톤,月石,月石,
338,,126,,,,,215,,13,,131,,,,,,,,,,,363,,,,Solrock,ソルロック,Solaroc,Sonnfel,솔록,太陽岩,太阳岩,
339,,127,80,80,,,,,,40,132,,,,,,113,113,36,,55,228,137,60,168,Barboach,ドジョッチ,Barloche,Schmerbe,미꾸리,泥泥鰍,泥泥鰍,97
340,,128,81,81,,,,,,41,133,,,,,,114,114,37,,56,229,138,61,169,Whiscash,ナマズン,Barbicha,Welsar,메깅,鯰魚王,鲶鱼王,98
341,,129,,,,,279,51,,,134,,,,,,357,,,,104,102,91,,,Corphish,ヘイガニ,Écrapince,Krebscorps,가재군,龍蝦小兵,龙虾小兵,
342,,130,,,,,280,52,,,135,,,,,,358,,,,105,103,92,,,Crawdaunt,シザリガー,Colhomard,Krebutack,가재장군,鐵螯龍蝦,铁螯龙虾,
343,,131,,,,,169,,,,136,,,,,,310,,,,,82,,151,,Baltoy,ヤジロン,Balbuto,Puppance,오뚝군,天秤偶,天秤偶,
344,,132,,,,,170,,,,137,,,,,,311,,,,,83,,152,,Claydol,ネンドール,Kaorine,Lepumentas,점토도리,念力土偶,念力土偶,
345,,133,,,,,,,,,138,,,,,,231,,132,,,,,183,,Lileep,リリーラ,Lilia,Liliep,릴링,觸手百合,触手百合,
346,,134,,,,,,,,,139,,,,,,232,,133,,,,,184,,Cradily,ユレイドル,Vacilys,Wielie,릴리요,搖籃百合,摇篮百合,
347,,135,,,,,,,,,140,,,,,,233,,134,,,,,185,,Anorith,アノプス,Anorith,Anorith,아노딥스,太古羽蟲,太古羽虫,
348,,136,,,,,,,,,141,,,,,,234,,135,,,,,186,,Armaldo,アーマルド,Armaldo,Armaldo,아말도,太古盔甲,太古盔甲,
349,,140,138,138,,,,,,,145,,,,,,189,,90,,,152,,188,,Feebas,ヒンバス,Barpau,Barschwa,빈티나,醜醜魚,丑丑鱼,
350,,141,139,139,,,,,,,146,,,,,,190,,91,,,153,,189,,Milotic,ミロカロス,Milobellus,Milotic,밀로틱,美納斯,美纳斯,
351,,142,,,,,163,,,,147,,,,,,220,,121,,82,,,,,Castform,ポワルン,Morphéo,Formeo,캐스퐁,飄浮泡泡,飘浮泡泡,
352,,145,,,,,,116,,,150,,,,,,214,,115,,,,,,,Kecleon,カクレオン,Kecleon,Kecleon,켈리몬,變隱龍,变隐龙,
353,,146,,,,,210,,,122,151,,,,,,316,,,,,,,,298,Shuppet,カゲボウズ,Polichombr,Shuppet,어둠대신,怨影娃娃,怨影娃娃,
354,,147,,,,,211,,,123,152,,,,,,317,,,,,,,,299,Banette,ジュペッタ,Branette,Banette,다크펫,詛咒娃娃,诅咒娃娃,
355,,148,,189,,,,,,,153,,,,,,,,,,,135,,,,Duskull,ヨマワル,Skelénox,Zwirrlicht,해골몽,夜巡靈,夜巡灵,158
356,,149,,190,,,,,,,154,,,,,,,,,,,136,,,,Dusclops,サマヨール,Téraclope,Zwirrklop,미라몽,彷徨夜靈,彷徨夜灵,159
357,,150,,185,,,288,,,,156,,,,,,354,,,,101,,,,246,Tropius,トロピウス,Tropius,Tropius,트로피우스,熱帶龍,热带龙,
358,,151,83,83,,,,,112,,158,,,,,,,,,,,,,,,Chimecho,チリーン,Éoko,Palimpalim,치렁,風鈴鈴,风铃铃,196
359,,152,,209,,,216,,9,,159,,,,,,322,,,,,,,107,,Absol,アブソル,Absol,Absol,앱솔,阿勃梭魯,阿勃梭鲁,
360,,160,,,,,,,118,,167,,,,,,,,,,,216,,,,Wynaut,ソーナノ,Okéoké,Isso,마자,小果然,小果然,
361,,171,,206,,,,,,,179,,,,,,323,,,,,79,,25,357,Snorunt,ユキワラシ,Stalgamin,Schneppke,눈꼬마,雪童子,雪童子,205
362,,172,,207,,,,,,,180,,,,,,324,,,,,80,,26,358,Glalie,オニゴーリ,Oniglali,Firnontor,얼음귀신,冰鬼護,冰鬼护,206
363,,173,,,,,243,,,,182,,,,,,,,,,,,,159,,Spheal,タマザラシ,Obalie,Seemops,대굴레오,海豹球,海豹球,143
364,,174,,,,,244,,,,183,,,,,,,,,,,,,160,,Sealeo,トドグラー,Phogleur,Seejong,씨레오,海魔獅,海魔狮,144
365,,175,,,,,245,,,,184,,,,,,,,,,,,,161,,Walrein,トドゼルガ,Kaimorse,Walraisa,씨카이저,帝牙海獅,帝牙海狮,145
366,,176,,,,,,,141,,185,,,,,,140,140,,,,,,,,Clamperl,パールル,Coquiperl,Perlu,진주몽,珍珠貝,珍珠贝,
367,,177,,,,,,,142,,186,,,,,,141,141,,,,,,,,Huntail,ハンテール,Serpang,Aalabyss,헌테일,獵斑魚,猎斑鱼,
368,,178,,,,,,,143,,187,,,,,,142,142,,,,,,,,Gorebyss,サクラビス,Rosabyss,Saganabyss,분홍장이,櫻花魚,樱花鱼,
369,,179,,,,,,,42,,188,,,,,,343,,,,90,,,187,,Relicanth,ジーランス,Relicanth,Relicanth,시라칸,古空棘魚,古空棘鱼,
370,,183,,,,,,,29,,192,,,,,,134,134,43,,,,,,332,Luvdisc,ラブカス,Lovdisc,Liebiskus,사랑동이,愛心魚,爱心鱼,
371,,187,,,,,,,14,,196,,,,,,147,147,,,,,,113,276,Bagon,タツベイ,Draby,Kindwurm,아공이,寶貝龍,宝贝龙,
372,,188,,,,,,,15,,197,,,,,,148,148,,,,,,114,277,Shelgon,コモルー,Drackhaus,Draschel,쉘곤,甲殼龍,甲壳龙,
373,,189,,,,,,,16,,198,,,,,,149,149,,,,,,115,278,Salamence,ボーマンダ,Drattak,Brutalanda,보만다,暴飛龍,暴飞龙,
374,,190,,,,,262,,,,199,,,,,,278,,,,,,,129,,Beldum,ダンバル,Terhal,Tanhel,메탕,鐵啞鈴,铁哑铃,
375,,191,,,,,263,,,,200,,,,,,279,,,,,,,130,,Metang,メタング,Métang,Metang,메탕구,金屬怪,金属怪,
376,,192,,,,,264,,,,201,,,,,,280,,,,,,,131,,Metagross,メタグロス,Métalosse,Metagross,메타그로스,巨金怪,巨金怪,
377,,193,,,,,,,,,202,,,,,,,,,,,,,197,,Regirock,レジロック,Regirock,Regirock,레지락,雷吉洛克,雷吉洛克,
378,,194,,,,,,,,,203,,,,,,,,,,,,,198,,Regice,レジアイス,Regice,Regice,레지아이스,雷吉艾斯,雷吉艾斯,
379,,195,,,,,,,,,204,,,,,,,,,,,,,199,,Registeel,レジスチル,Registeel,Registeel,레지스틸,雷吉斯奇魯,雷吉斯奇鲁,
380,,196,,,,,,,,,205,,,,,,,,,,,,,,,Latias,ラティアス,Latias,Latias,라티아스,拉帝亞斯,拉帝亚斯,
381,,197,,,,,,,,,206,,,,,,,,,,,,,,,Latios,ラティオス,Latios,Latios,라티오스,拉帝歐斯,拉帝欧斯,
382,,198,,,,,,,,,207,,,,,,,,,,,,,,,Kyogre,カイオーガ,Kyogre,Kyogre,가이오가,蓋歐卡,盖欧卡,
383,,199,,,,,,,,,208,,,,,,,,,,,,,,,Groudon,グラードン,Groudon,Groudon,그란돈,固拉多,固拉多,
384,,200,,,,,,,,,209,,,,,,,,,,,,,,,Rayquaza,レックウザ,Rayquaza,Rayquaza,레쿠쟈,烈空坐,烈空坐,
385,,201,,,,,,,,,210,,,,,,,,,,,,,,,Jirachi,ジラーチ,Jirachi,Jirachi,지라치,基拉祈,基拉祈,
386,,202,,,,,,,,,211,,,,,,,,,,,,,,,Deoxys,デオキシス,Deoxys,Deoxys,테오키스,代歐奇希斯,代欧奇希斯,
387,,,1,1,,,,,,,,,,,,,,,,,,,,,,Turtwig,ナエトル,Tortipouss,Chelast,모부기,草苗龜,草苗龟,130
388,,,2,2,,,,,,,,,,,,,,,,,,,,,,Grotle,ハヤシガメ,Boskara,Chelcarain,수풀부기,樹林龜,树林龟,131
389,,,3,3,,,,,,,,,,,,,,,,,,,,,,Torterra,ドダイトス,Torterra,Chelterrar,토대부기,土台龜,土台龟,132
390,,,4,4,,,,,,,,,,,,,,,,,,,,,,Chimchar,ヒコザル,Ouisticram,Panflam,불꽃숭이,小火焰猴,小火焰猴,61
391,,,5,5,,,,,,,,,,,,,,,,,,,,,,Monferno,モウカザル,Chimpenfeu,Panpyro,파이숭이,猛火猴,猛火猴,62
392,,,6,6,,,,,,,,,,,,,,,,,,,,,,Infernape,ゴウカザル,Simiabraz,Panferno,초염몽,烈焰猴,烈焰猴,63
393,,,7,7,,,,,,,,,,,,,,,,,,,,,,Piplup,ポッチャマ,Tiplouf,Plinfa,팽도리,波加曼,波加曼,161
394,,,8,8,,,,,,,,,,,,,,,,,,,,,,Prinplup,ポッタイシ,Prinplouf,Pliprin,팽태자,波皇子,波皇子,162
395,,,9,9,,,,,,,,,,,,,,,,,,,,,,Empoleon,エンペルト,Pingoléon,Impoleon,엠페르트,帝王拿波,帝王拿波,163
396,,,10,10,,,,,99,,,,,,,,,,,,,,,,97,Starly,ムックル,Étourmi,Staralili,찌르꼬,姆克兒,姆克儿,12
397,,,11,11,,,,,100,,,,,,,,,,,,,,,,98,Staravia,ムクバード,Étourvol,Staravia,찌르버드,姆克鳥,姆克鸟,13
398,,,12,12,,,,,101,,,,,,,,,,,,,,,,99,Staraptor,ムクホーク,Étouraptor,Staraptor,찌르호크,姆克鷹,姆克鹰,14
399,,,13,13,,,,38,,,,,,,,,,,,,,,,,,Bidoof,ビッパ,Keunotor,Bidiza,비버니,大牙狸,大牙狸,10
400,,,14,14,,,,39,,,,,,,,,,,,,,,,,,Bibarel,ビーダル,Castorno,Bidifas,비버통,大尾狸,大尾狸,11
401,,,15,15,,,,,,,,,,,,,,,,,,,,,33,Kricketot,コロボーシ,Crikzik,Zirpurze,귀뚤뚜기,圓法師,圆法师,39
402,,,16,16,,,,,,,,,,,,,,,,,,,,,34,Kricketune,コロトック,Mélokrik,Zirpeise,귀뚤톡크,音箱蟀,音箱蟀,40
403,,,17,17,,,,,,,,,,,,,,,,,,,25,,94,Shinx,コリンク,Lixy,Sheinux,꼬링크,小貓怪,小猫怪,15
404,,,18,18,,,,,,,,,,,,,,,,,,,26,,95,Luxio,ルクシオ,Luxio,Luxio,럭시오,勒克貓,勒克猫,16
405,,,19,19,,,,,,,,,,,,,,,,,,,27,,96,Luxray,レントラー,Luxray,Luxtra,렌트라,倫琴貓,伦琴猫,17
406,,,25,25,,,133,71,,,97,,,,,,,,,,,59,,,,Budew,スボミー,Rozbouton,Knospi,꼬몽울,含羞苞,含羞苞,89
407,,,27,27,,,135,73,,,99,,,,,,,,,,,61,,,,Roserade,ロズレイド,Roserade,Roserade,로즈레이드,羅絲雷朵,罗丝雷朵,91
408,,,36,36,,,,,,,,,,,,,235,,136,,,,,,,Cranidos,ズガイドス,Kranidos,Koknodon,두개도스,頭蓋龍,头盖龙,208
409,,,37,37,,,,,,,,,,,,,236,,137,,,,,,,Rampardos,ラムパルド,Charkos,Rameidon,램펄드,戰槌龍,战槌龙,209
410,,,38,38,,,,,,,,,,,,,237,,138,,,,,,,Shieldon,タテトプス,Dinoclier,Schilterus,방패톱스,盾甲龍,盾甲龙,210
411,,,39,39,,,,,,,,,,,,,238,,139,,,,,,,Bastiodon,トリデプス,Bastiodon,Bollterus,바리톱스,護城龍,护城龙,211
412,,,45,45,,,,44,,,,,,,,,,,,,,,,,,Burmy,ミノムッチ,Cheniti,Burmy,도롱충이,結草兒,结草儿,43
413,,,46,46,,,,45,,,,,,,,,,,,,,,,,,Wormadam,ミノマダム,Cheniselle,Burmadame,도롱마담,結草貴婦,结草贵妇,44
414,,,47,47,,,,46,,,,,,,,,,,,,,,,,,Mothim,ガーメイル,Papilord,Moterpel,나메일,紳士蛾,绅士蛾,45
415,,,53,53,,,142,76,,,,,,,,,,,,,,116,203,,38,Combee,ミツハニー,Apitrini,Wadribie,세꿀버리,三蜜蜂,三蜜蜂,70
416,,,54,54,,,143,77,,,,,,,,,,,,,,117,204,,39,Vespiquen,ビークイン,Apireine,Honweisel,비퀸,蜂女王,蜂女王,71
417,,,55,55,,,,,132,,,,,,,,,,,,,,,,201,Pachirisu,パチリス,Pachirisu,Pachirisu,파치리스,帕奇利茲,帕奇利兹,109
418,,,56,56,,,149,,,58,,,,,,,,,,,,,,,51,Buizel,ブイゼル,Mustébouée,Bamelin,브이젤,泳圈鼬,泳圈鼬,41
419,,,57,57,,,150,,,59,,,,,,,,,,,,,,,52,Floatzel,フローゼル,Mustéflott,Bojelin,플로젤,浮潛鼬,浮潜鼬,42
420,,,58,58,,,,,,,,,,,,,,,,,,128,,,,Cherubi,チェリンボ,Ceribou,Kikugi,체리버,櫻花寶,樱花宝,66
421,,,59,59,,,,,,,,,,,,,,,,,,129,,,,Cherrim,チェリム,Ceriflor,Kinoso,체리꼬,櫻花兒,樱花儿,67
422,,,60,60,,,,,,,,,,,,,341,,,,88,230,,,327,Shellos,カラナクシ,Sancoki,Schalellos,깝질무,無殼海兔,无壳海兔,82
423,,,61,61,,,,,,,,,,,,,342,,,,89,231,,,328,Gastrodon,トリトドン,Tritosor,Gastrodon,트리토돈,海兔獸,海兔兽,83
424,,,64,64,124,,,,,,,,,,,,369,,,,116,,,,,Ambipom,エテボース,Capidextre,Ambidiffel,겟핸보숭,雙尾怪手,双尾怪手,79
425,,,65,65,,,208,,1,,,,,,,,76,76,,,,124,135,,143,Drifloon,フワンテ,Baudrive,Driftlon,흔들풍손,飄飄球,飘飘球,37
426,,,66,66,,,209,,2,,,,,,,,77,77,,,,125,136,,144,Drifblim,フワライド,Grodrive,Drifzepeli,둥실라이드,隨風球,随风球,38
427,,,67,67,,,80,,,,,,,,,,24,24,,,8,,4,,,Buneary,ミミロル,Laporeille,Haspiror,이어롤,捲捲耳,卷卷耳,64
428,,,68,68,,,81,,,,,,,,,,25,25,,,9,,5,,,Lopunny,ミミロップ,Lockpin,Schlapor,이어롭,長耳兔,长耳兔,65
429,,,73,73,,,,,,,,,,,,,373,,,,120,,,,115,Mismagius,ムウマージ,Magirêve,Traunmagil,무우마직,夢妖魔,梦妖魔,198
430,,,75,75,,,,,,52,,,,,,,79,79,,,,,,,233,Honchkrow,ドンカラス,Corboss,Kramshef,돈크로우,烏鴉頭頭,乌鸦头头,141
431,,,76,76,,,,,,,,,,,,,,,,,,,,,,Glameow,ニャルマー,Chaglam,Charmian,나옹마,魅力喵,魅力喵,152
432,,,77,77,,,,,,,,,,,,,,,,,,,,,,Purugly,ブニャット,Chaffreux,Shnurgarst,몬냥이,東施喵,东施喵,153
433,,,82,82,,,,,111,,157,,,,,,,,,,,,,,,Chingling,リーシャン,Korillon,Klingplim,랑딸랑,鈴鐺響,铃铛响,195
434,,,84,84,,,,,102,,,,,,,,,,,,,130,,,226,Stunky,スカンプー,Moufouette,Skunkapuh,스컹뿡,臭鼬噗,臭鼬噗,110
435,,,85,85,,,,,103,,,,,,,,,,,,,131,,,227,Skuntank,スカタンク,Moufflair,Skuntank,스컹탱크,坦克臭鼬,坦克臭鼬,111
436,,,88,88,,,250,,,,,,,,,,,,,,,118,,87,153,Bronzor,ドーミラー,Archéomire,Bronzel,동미러,銅鏡怪,铜镜怪,180
437,,,89,89,,,251,,,,,,,,,,,,,,,119,,88,154,Bronzong,ドータクン,Archéodong,Bronzong,동탁군,青銅鐘,青铜钟,181
438,,,92,92,,,,,,129,,,,,,,37,37,14,,,252,,,87,Bonsly,ウソハチ,Manzaï,Mobai,꼬지지,盆才怪,盆才怪,123
439,,,94,94,,,,,113,,,,,,,,59,59,,,,364,,10,,Mime Jr.,マネネ,Mime Jr.,Pantimimi,흉내내,魔尼尼,魔尼尼,76
440,,,96,96,,,,,,,,,,,,,39,39,16,,15,,6,,43,Happiny,ピンプク,Ptiravi,Wonneira,핑복,小福蛋,小福蛋,86
441,,,102,102,,,,,138,,,,,,,,,,,,,,,,,Chatot,ペラップ,Pijako,Plaudagei,페라페,聒噪鳥,聒噪鸟,157
442,,,108,108,,,,,,,,,,,,,,,,,,,,47,302,Spiritomb,ミカルゲ,Spiritomb,Kryppuk,화강돌,花岩怪,花岩怪,139
443,,,109,109,,,,,,6,,,,,,,307,,,,,,,116,126,Gible,フカマル,Griknot,Kaumalat,딥상어동,圓陸鯊,圆陆鲨,187
444,,,110,110,,,,,,7,,,,,,,308,,,,,,,117,127,Gabite,ガバイト,Carmache,Knarksel,한바이트,尖牙陸鯊,尖牙陆鲨,188
445,,,111,111,,,,,,8,,,,,,,309,,,,,,,118,128,Garchomp,ガブリアス,Carchacrok,Knakrack,한카리아스,烈咬陸鯊,烈咬陆鲨,189
446,,,112,112,,,,138,,,,,,,,,42,42,,,,260,,172,,Munchlax,ゴンベ,Goinfrex,Mampfaxo,먹고자,小卡比獸,小卡比兽,51
447,,,115,115,,,33,62,,,,,,,,,377,,,,124,298,,134,163,Riolu,リオル,Riolu,Riolu,리오르,利歐路,利欧路,223
448,,,116,116,,,34,63,,,,,,,,,378,,,,125,299,,135,164,Lucario,ルカリオ,Lucario,Lucario,루카리오,路卡利歐,路卡利欧,224
449,,,122,122,,,,,48,,,,,,,,,,,,,314,,,265,Hippopotas,ヒポポタス,Hippopotas,Hippopotas,히포포타스,沙河馬,沙河马,107
450,,,123,123,,,,,49,,,,,,,,,,,,,315,,,266,Hippowdon,カバルドン,Hippodocus,Hippoterus,하마돈,河馬獸,河马兽,108
451,,,127,127,,,201,,,15,,,,,,,,,,,,285,50,,,Skorupi,スコルピ,Rapion,Pionskora,스콜피,鉗尾蠍,钳尾蝎,148
452,,,128,128,,,202,,,16,,,,,,,,,,,,286,51,,,Drapion,ドラピオン,Drascore,Piondragi,드래피온,龍王蠍,龙王蝎,149
453,,,129,129,,,290,125,,,,,,,,,,,,,,222,82,,175,Croagunk,グレッグル,Cradopaud,Glibunkel,삐딱구리,不良蛙,不良蛙,99
454,,,130,130,,,291,126,,,,,,,,,,,,,,223,83,,176,Toxicroak,ドクロッグ,Coatox,Toxiquak,독개굴,毒骷蛙,毒骷蛙,100
455,,,131,131,,,289,,,29,,,,,,,,,,,,,,,,Carnivine,マスキッパ,Vortente,Venuflibis,무스틈니,尖牙籠,尖牙笼,92
456,,,134,134,,,,,,,,,,,,,131,131,40,,69,,,,333,Finneon,ケイコウオ,Écayon,Finneon,형광어,螢光魚,荧光鱼,172
457,,,135,135,,,,,,,,,,,,,132,132,41,,70,,,,334,Lumineon,ネオラント,Luminéon,Lumineon,네오라이트,霓虹魚,霓虹鱼,173
458,,,140,140,,,233,,139,,,,,,,,145,145,49,,,354,46,,,Mantyke,タマンタ,Babimanta,Mantirps,타만타,小球飛魚,小球飞鱼,164
459,,,142,142,,,,,,88,,,,,,,,,,,,96,,31,352,Snover,ユキカブリ,Blizzi,Shnebedeck,눈쓰개,雪笠怪,雪笠怪,217
460,,,143,143,,,,,,89,,,,,,,,,,,,97,,32,353,Abomasnow,ユキノオー,Blizzaroi,Rexblisar,눈설왕,暴雪王,暴雪王,218
461,,,145,145,,,253,,,92,,,,,,,327,,,,,293,,29,231,Weavile,マニューラ,Dimoret,Snibunna,포푸니라,瑪狃拉,玛狃拉,204
462,,,,180,,,50,,,71,86,,,,,,56,56,,,,,107,,211,Magnezone,ジバコイル,Magnézone,Magnezone,자포코일,自爆磁怪,自爆磁怪,179
463,,,,162,181,,285,,,135,,,,,,,376,,,,123,,55,,,Lickilicky,ベロベルト,Coudlangue,Schlurplek,내룸벨트,大舌舔,大舌舔,126
464,,,,188,,,,,52,,178,,,,,,,,,,,266,185,,,Rhyperior,ドサイドン,Rhinastoc,Rihornior,거대코뿌리,超甲狂犀,超甲狂犀,122
465,,,,182,183,,218,,,,,,,,,,,,,,,,81,,,Tangrowth,モジャンボ,Bouldeneu,Tangoloss,덩쿠림보,巨蔓藤,巨蔓藤,96
466,,,,199,,,58,,,,,,,,,,297,,,,,,,17,,Electivire,エレキブル,Élekable,Elevoltek,에레키블,電擊魔獸,电击魔兽,184
467,,,,202,,,55,,,,,,,,,,202,,103,,,,,20,,Magmortar,ブーバーン,Maganon,Magbrant,마그마번,鴨嘴炎獸,鸭嘴炎兽,176
468,,,,175,,,,,,,,,,,,,,,,,,259,,,,Togekiss,トゲキッス,Togekiss,Togekiss,토게키스,波克基斯,波克基斯,129
469,,,,184,102,,287,,88,,,,,,,,,,,,,,,,,Yanmega,メガヤンマ,Yanmega,Yanmega,메가자리,遠古巨蜓,远古巨蜓,106
470,,,,169,,,97,,83,,,,,,,,159,,60,,,202,,81,185,Leafeon,リーフィア,Phyllali,Folipurba,리피아,葉伊布,叶伊布,31
471,,,,170,,,98,,84,,,,,,,,160,,61,,,203,,80,186,Glaceon,グレイシア,Givrali,Glaziola,글레이시아,冰伊布,冰伊布,32
472,,,,154,,,222,,,116,,,,,,,,,,,,,,,,Gliscor,グライオン,Scorvol,Skorgro,글라이온,天蠍王,天蝎王,186
473,,,,205,197,,260,,,78,,,,,,,,,,,,77,,9,,Mamoswine,マンムー,Mammochon,Mamutel,맘모꾸리,象牙豬,象牙猪,214
474,,,,194,,,,,,,,,,,,,283,,,,,,210,,,Porygon-Z,ポリゴンＺ,Porygon-Z,Porygon-Z,폴리곤Z,多邊獸Ｚ,多边兽Ｚ,135
475,,,,160,,,,67,,,32,,,,,,,,,,,123,37,,65,Gallade,エルレイド,Gallame,Galagladi,엘레이드,艾路雷朵,艾路雷朵,104
476,,,,156,,,165,,94,,62,,,,,,255,,156,,,,,,,Probopass,ダイノーズ,Tarinorme,Voluminas,대코파스,大朝北鼻,大朝北鼻,191
477,,,,191,,,,,,,155,,,,,,,,,,,137,,,,Dusknoir,ヨノワール,Noctunoir,Zwirrfinst,야느와르몽,黑夜魔靈,黑夜魔灵,160
478,,,,208,,,,,,,181,,,,,,325,,,,,81,,27,359,Froslass,ユキメノコ,Momartik,Frosdedje,눈여아,雪妖女,雪妖女,207
479,,,,152,,,,,,68,,,,,,,,,,,,372,,,310,Rotom,ロトム,Motisma,Rotom,로토무,洛托姆,洛托姆,194
480,,,146,146,,,,,,,,,,,,,,,,,,,,,,Uxie,ユクシー,Créhelf,Selfe,유크시,由克希,由克希,225
481,,,147,147,,,,,,,,,,,,,,,,,,,,,,Mesprit,エムリット,Créfollet,Vesprit,엠라이트,艾姆利多,艾姆利多,226
482,,,148,148,,,,,,,,,,,,,,,,,,,,,,Azelf,アグノム,Créfadet,Tobutz,아그놈,亞克諾姆,亚克诺姆,227
483,,,149,149,,,,,,,,,,,,,,,,,,,,,,Dialga,ディアルガ,Dialga,Dialga,디아루가,帝牙盧卡,帝牙卢卡,235
484,,,150,150,,,,,,,,,,,,,,,,,,,,,,Palkia,パルキア,Palkia,Palkia,펄기아,帕路奇亞,帕路奇亚,236
485,,,,,,,,,,,,,,,,,,,,,,,,,,Heatran,ヒードラン,Heatran,Heatran,히드런,席多藍恩,席多蓝恩,228
486,,,,,,,,,,,,,,,,,,,,,,,,,,Regigigas,レジギガス,Regigigas,Regigigas,레지기가스,雷吉奇卡斯,雷吉奇卡斯,229
487,,,,210,,,,,,,,,,,,,,,,,,,,,,Giratina,ギラティナ,Giratina,Giratina,기라티나,騎拉帝納,骑拉帝纳,237
488,,,,,,,,,,,,,,,,,,,,,,,,,,Cresselia,クレセリア,Cresselia,Cresselia,크레세리아,克雷色利亞,克雷色利亚,230
489,,,,,,,,,,,,,,,,,,,,,,,,,,Phione,フィオネ,Phione,Phione,피오네,霏歐納,霏欧纳,239
490,,,151,151,,,,,,,,,,,,,,,,,,,,,,Manaphy,マナフィ,Manaphy,Manaphy,마나피,瑪納霏,玛纳霏,240
491,,,,,,,,,,,,,,,,,,,,,,,,,,Darkrai,ダークライ,Darkrai,Darkrai,다크라이,達克萊伊,达克莱伊,242
492,,,,,,,,,,,,,,,,,,,,,,,,,,Shaymin,シェイミ,Shaymin,Shaymin,쉐이미,謝米,谢米,241
493,,,,,,,,,,,,,,,,,,,,,,,,,,Arceus,アルセウス,Arceus,Arceus,아르세우스,阿爾宙斯,阿尔宙斯,238
494,,,,,,0,0,,,,,,,,,,,,,,,,,,,Victini,ビクティニ,Victini,Victini,비크티니,比克提尼,比克提尼,
495,,,,,,1,1,,,,,,,,,,,,,,,,,,,Snivy,ツタージャ,Vipélierre,Serpifeu,주리비얀,藤藤蛇,藤藤蛇,
496,,,,,,2,2,,,,,,,,,,,,,,,,,,,Servine,ジャノビー,Lianaja,Efoserp,샤비,青藤蛇,青藤蛇,
497,,,,,,3,3,,,,,,,,,,,,,,,,,,,Serperior,ジャローダ,Majaspic,Serpiroyal,샤로다,君主蛇,君主蛇,
498,,,,,,4,4,,,,,,,,,,,,,,,,,,,Tepig,ポカブ,Gruikui,Floink,뚜꾸리,暖暖豬,暖暖猪,
499,,,,,,5,5,,,,,,,,,,,,,,,,,,,Pignite,チャオブー,Grotichon,Ferkokel,차오꿀,炒炒豬,炒炒猪,
500,,,,,,6,6,,,,,,,,,,,,,,,,,,,Emboar,エンブオー,Roitiflam,Flambirex,염무왕,炎武王,炎武王,
501,,,,,,7,7,,,,,,,,,,,,,,,,,,,Oshawott,ミジュマル,Moustillon,Ottaro,수댕이,水水獺,水水獭,7
502,,,,,,8,8,,,,,,,,,,,,,,,,,,,Dewott,フタチマル,Mateloutre,Zwottronin,쌍검자비,雙刃丸,双刃丸,8
503,,,,,,9,9,,,,,,,,,,,,,,,,,,,Samurott,ダイケンキ,Clamiral,Admurai,대검귀,大劍鬼,大剑鬼,9
504,,,,,,10,10,,,46,,,,,,,,,,,,,,,,Patrat,ミネズミ,Ratentif,Nagelotz,보르쥐,探探鼠,探探鼠,
505,,,,,,11,11,,,47,,,,,,,,,,,,,,,,Watchog,ミルホッグ,Miradar,Kukmarda,보르그,步哨鼠,步哨鼠,
506,,,,,,12,22,,,,,,,,,,150,,51,,,,113,,,Lillipup,ヨーテリー,Ponchiot,Yorkleff,요테리,小約克,小约克,
507,,,,,,13,23,,,,,,,,,,151,,52,,,,114,,,Herdier,ハーデリア,Ponchien,Terribark,하데리어,哈約克,哈约克,
508,,,,,,14,24,,,,,,,,,,152,,53,,,,115,,,Stoutland,ムーランド,Mastouffe,Bissbark,바랜드,長毛狗,长毛狗,
509,,,,,,15,12,,,42,,,,,,,,,,,,44,,,,Purrloin,チョロネコ,Chacripan,Felilou,쌔비냥,扒手貓,扒手猫,
510,,,,,,16,13,,,43,,,,,,,,,,,,45,,,,Liepard,レパルダス,Léopardus,Kleoparda,레파르다스,酷豹,酷豹,
511,,,,,,17,37,29,,,,,,,,,,,,,,,,,,Pansage,ヤナップ,Feuillajou,Vegimak,야나프,花椰猴,花椰猴,
512,,,,,,18,38,30,,,,,,,,,,,,,,,,,,Simisage,ヤナッキー,Feuiloutan,Vegichita,야나키,花椰猿,花椰猿,
513,,,,,,19,39,31,,,,,,,,,,,,,,,,,,Pansear,バオップ,Flamajou,Grillmak,바오프,爆香猴,爆香猴,
514,,,,,,20,40,32,,,,,,,,,,,,,,,,,,Simisear,バオッキー,Flamoutan,Grillchita,바오키,爆香猿,爆香猿,
515,,,,,,21,41,33,,,,,,,,,,,,,,,,,,Panpour,ヒヤップ,Flotajou,Sodamak,앗차프,冷水猴,冷水猴,
516,,,,,,22,42,34,,,,,,,,,,,,,,,,,,Simipour,ヒヤッキー,Flotoutan,Sodachita,앗차키,冷水猿,冷水猿,
517,,,,,,23,86,,,,,,,,,,,,,,,90,,,,Munna,ムンナ,Munna,Somniam,몽나,食夢夢,食梦梦,
518,,,,,,24,87,,,,,,,,,,,,,,,91,,,,Musharna,ムシャーナ,Mushana,Somnivora,몽얌나,夢夢蝕,梦梦蚀,
519,,,,,,25,14,,,,,,,,,,,,,,,26,,,,Pidove,マメパト,Poichigeon,Dusselgurr,콩둘기,豆豆鴿,豆豆鸽,
520,,,,,,26,15,,,,,,,,,,,,,,,27,,,,Tranquill,ハトーボー,Colombeau,Navitaub,유토브,咕咕鴿,咕咕鸽,
521,,,,,,27,16,,,,,,,,,,,,,,,28,,,,Unfezant,ケンホロウ,Déflaisan,Fasasnob,켄호로우,高傲雉雞,高傲雉鸡,
522,,,,,,28,147,,,,,,,,,,,,,,,,,,,Blitzle,シママ,Zébibron,Elezeba,줄뮤마,斑斑馬,斑斑马,
523,,,,,,29,148,,,,,,,,,,,,,,,,,,,Zebstrika,ゼブライカ,Zéblitz,Zebritz,제브라이카,雷電斑馬,雷电斑马,
524,,,,,,30,68,,120,,,,,,,,120,120,,,60,168,154,,,Roggenrola,ダンゴロ,Nodulithe,Kiesling,단굴,石丸子,石丸子,
525,,,,,,31,69,,121,,,,,,,,121,121,,,61,169,155,,,Boldore,ガントル,Géolithe,Sedimantur,암트르,地幔岩,地幔岩,
526,,,,,,32,70,,122,,,,,,,,122,122,,,62,170,156,,,Gigalith,ギガイアス,Gigalithe,Brockoloss,기가이어스,龐岩怪,庞岩怪,
527,,,,,,33,66,,55,,,,,,,,,,,,,174,151,,,Woobat,コロモリ,Chovsourir,Fleknoil,또르박쥐,滾滾蝙蝠,滚滚蝙蝠,
528,,,,,,34,67,,56,,,,,,,,,,,,,175,152,,,Swoobat,ココロモリ,Rhinolove,Fletiamo,맘박쥐,心蝙蝠,心蝙蝠,
529,,,,,,35,76,,,,,,,,,,,,,,,166,,,,Drilbur,モグリュー,Rototaupe,Rotomurf,두더류,螺釘地鼠,螺钉地鼠,
530,,,,,,36,77,,,,,,,,,,,,,,,167,,,,Excadrill,ドリュウズ,Minotaupe,Stalobor,몰드류,龍頭地鼠,龙头地鼠,
531,,,,,,37,36,123,,,,,,,,,,,,,,,,21,,Audino,タブンネ,Nanméouïe,Ohrdoch,다부니,差不多娃娃,差不多娃娃,
532,,,,,,38,73,,,93,,,,,,,,,,,,171,,57,,Timburr,ドッコラー,Charpenti,Praktibalk,으랏차,搬運小匠,搬运小匠,
533,,,,,,39,74,,,94,,,,,,,,,,,,172,,58,,Gurdurr,ドテッコツ,Ouvrifier,Strepoli,토쇠골,鐵骨土人,铁骨土人,
534,,,,,,40,75,,,95,,,,,,,,,,,,173,,59,,Conkeldurr,ローブシン,Bétochef,Meistagrif,노보청,修建老匠,修建老匠,
535,,,,,,41,228,,,,,,,,,,,,,,,132,,,,Tympole,オタマロ,Tritonde,Schallquap,동챙이,圓蝌蚪,圆蝌蚪,
536,,,,,,42,229,,,,,,,,,,,,,,,133,,,,Palpitoad,ガマガル,Batracné,Mebrana,두까비,藍蟾蜍,蓝蟾蜍,
537,,,,,,43,230,,,,,,,,,,,,,,,134,,,,Seismitoad,ガマゲロゲ,Crapustule,Branawarz,두빅굴,蟾蜍王,蟾蜍王,
538,,,,,,44,267,,97,,,,,,,,,,,,,248,,,,Throh,ナゲキ,Judokrak,Jiutesto,던지미,投摔鬼,投摔鬼,
539,,,,,,45,268,,98,,,,,,,,,,,,,249,,,,Sawk,ダゲキ,Karaclée,Karadonis,타격귀,打擊鬼,打击鬼,
540,,,,,,46,17,,,,,,,,,,,,,,,,,,,Sewaddle,クルミル,Larveyette,Strawickl,두르보,蟲寶包,虫宝包,
541,,,,,,47,18,,,,,,,,,,,,,,,,,,,Swadloon,クルマユ,Couverdure,Folikon,두르쿤,寶包繭,宝包茧,
542,,,,,,48,19,,,,,,,,,,,,,,,,,,,Leavanny,ハハコモリ,Manternel,Matrifol,모아머,保母蟲,保姆虫,
543,,,,,,49,43,120,,,,,,,,,,,,,,,74,,,Venipede,フシデ,Venipatte,Toxiped,마디네,百足蜈蚣,百足蜈蚣,
544,,,,,,50,44,121,,,,,,,,,,,,,,,75,,,Whirlipede,ホイーガ,Scobolide,Rollum,휠구,車輪毬,车轮球,
545,,,,,,51,45,122,,,,,,,,,,,,,,,76,,,Scolipede,ペンドラー,Brutapode,Cerapendra,펜드라,蜈蚣王,蜈蚣王,
546,,,,,,52,82,,,,,,,,,,105,105,,,49,262,,168,,Cottonee,モンメン,Doudouvet,Waumboll,소미안,木棉球,木棉球,
547,,,,,,53,83,,,,,,,,,,106,106,,,50,263,,169,,Whimsicott,エルフーン,Farfaduvet,Elfun,엘풍,風妖精,风妖精,
548,,,,,,54,84,,,,,,,,,,103,103,,,47,,201,,104,Petilil,チュリネ,Chlorobule,Lilminip,치릴리,百合根娃娃,百合根娃娃,93
549,,,,,,55,85,,,,,,,,,,104,104,,,48,,202,,105,Lilligant,ドレディア,Fragilady,Dressella,드레디어,裙兒小姐,裙儿小姐,94
550,,,,,,56,104,,,60,,,,,,,188,,89,,75,154,,64,138,Basculin,バスラオ,Bargantua,Barschuft,배쓰나이,野蠻鱸魚,野蛮鲈鱼,166
551,,,,,,57,99,,43,,,,,,,,301,,,,,,176,,267,Sandile,メグロコ,Mascaïman,Ganovil,깜눈크,黑眼鱷,黑眼鳄,
552,,,,,,58,100,,44,,,,,,,,302,,,,,,177,,268,Krokorok,ワルビル,Escroco,Rokkaiman,악비르,混混鱷,混混鳄,
553,,,,,,59,101,,45,,,,,,,,303,,,,,,178,,269,Krookodile,ワルビアル,Crocorible,Rabigator,악비아르,流氓鱷,流氓鳄,
554,,,,,,60,102,,,,,,,,,,,,,,,367,,103,,Darumaka,ダルマッカ,Darumarond,Flampion,달막화,火紅不倒翁,火红不倒翁,
555,,,,,,61,103,,,,,,,,,,,,,,,368,,104,,Darmanitan,ヒヒダルマ,Darumacho,Flampivian,불비달마,達摩狒狒,达摩狒狒,
556,,,,,,62,119,,,,,,,,,,,,,,,296,,,,Maractus,マラカッチ,Maracachi,Maracamba,마라카치,沙鈴仙人掌,沙铃仙人掌,
557,,,,,,63,115,,23,,,,,,,,,,,,,86,122,,,Dwebble,イシズマイ,Crabicoque,Lithomith,돌살이,石居蟹,石居蟹,
558,,,,,,64,116,,24,,,,,,,,,,,,,87,123,,,Crustle,イワパレス,Crabaraque,Castellith,암팰리스,岩殿居蟹,岩殿居蟹,
559,,,,,,65,117,100,,,,,,,,,335,,,,,224,161,,,Scraggy,ズルッグ,Baggiguane,Zurrokex,곤율랭,滑滑小子,滑滑小子,
560,,,,,,66,118,101,,,,,,,,,336,,,,,225,162,,,Scrafty,ズルズキン,Baggaïd,Irokex,곤율거니,頭巾混混,头巾混混,
561,,,,,,67,120,,90,,,,,,,,,,,,,297,,,,Sigilyph,シンボラー,Cryptéro,Symvolara,심보러,象徵鳥,象征鸟,
562,,,,,,68,124,,,,,,,,,,,,,,,327,,,,Yamask,デスマス,Tutafeh,Makabaja,데스마스,哭哭面具,哭哭面具,
563,,,,,,69,125,,,,,,,,,,,,,,,329,,,,Cofagrigus,デスカーン,Tutankafer,Echnatoll,데스니칸,死神棺,死神棺,
564,,,,,,70,126,,,,,,,,,,241,,142,,,,,147,,Tirtouga,プロトーガ,Carapagos,Galapaflos,프로토가,原蓋海龜,原盖海龟,
565,,,,,,71,127,,,,,,,,,,242,,143,,,,,148,,Carracosta,アバゴーラ,Mégapagos,Karippas,늑골라,肋骨海龜,肋骨海龟,
566,,,,,,72,128,,,,,,,,,,239,,140,,,,,149,,Archen,アーケン,Arkéapti,Flapteryx,아켄,始祖小鳥,始祖小鸟,
567,,,,,,73,129,,,,,,,,,,240,,141,,,,,150,,Archeops,アーケオス,Aéroptéryx,Aeropteryx,아케오스,始祖大鳥,始祖大鸟,
568,,,,,,74,105,,,74,,,,,,,264,,,,,157,,,,Trubbish,ヤブクロン,Miamiasme,Unratütox,깨봉이,破破袋,破破袋,
569,,,,,,75,106,,,75,,,,,,,265,,,,,158,,,,Garbodor,ダストダス,Miasmax,Deponitox,더스트나,灰塵山,灰尘山,
570,,,,,,76,151,,,124,,,,,,,28,28,,,12,,87,,228,Zorua,ゾロア,Zorua,Zorua,조로아,索羅亞,索罗亚,219
571,,,,,,77,152,,,125,,,,,,,29,29,,,13,,88,,229,Zoroark,ゾロアーク,Zoroark,Zoroark,조로아크,索羅亞克,索罗亚克,220
572,,,,,,78,107,,,,,,,,,,266,,,,,50,,,,Minccino,チラーミィ,Chinchidou,Picochilla,치라미,泡沫栗鼠,泡沫栗鼠,
573,,,,,,79,108,,,,,,,,,,267,,,,,51,,,,Cinccino,チラチーノ,Pashmilla,Chillabell,치라치노,奇諾栗鼠,奇诺栗鼠,
574,,,,,,80,136,,,126,,,,,,,,,,,,267,,51,234,Gothita,ゴチム,Scrutella,Mollimorba,고디탱,哥德寶寶,哥德宝宝,
575,,,,,,81,137,,,127,,,,,,,,,,,,268,,52,235,Gothorita,ゴチミル,Mesmérella,Hypnomorba,고디보미,哥德小童,哥德小童,
576,,,,,,82,138,,,128,,,,,,,,,,,,269,,53,236,Gothitelle,ゴチルゼル,Sidérella,Morbitesse,고디모아젤,哥德小姐,哥德小姐,
577,,,,,,83,139,,115,,,,,,,,,,,,,270,,54,,Solosis,ユニラン,Nucléos,Monozyto,유니란,單卵細胞球,单卵细胞球,
578,,,,,,84,140,,116,,,,,,,,,,,,,271,,55,,Duosion,ダブラン,Méios,Mitodos,듀란,雙卵細胞球,双卵细胞球,
579,,,,,,85,141,,117,,,,,,,,,,,,,272,,56,,Reuniclus,ランクルス,Symbios,Zytomega,란쿨루스,人造細胞卵,人造细胞卵,
580,,,,,,86,153,127,,,,,,,,,,,,,,,,,,Ducklett,コアルヒー,Couaneton,Piccolente,꼬지보리,鴨寶寶,鸭宝宝,
581,,,,,,87,154,128,,,,,,,,,,,,,,,,,,Swanna,スワンナ,Lakmécygne,Swaroness,스완나,舞天鵝,舞天鹅,
582,,,,,,88,255,,,85,,,,,,,332,,,,,72,,22,,Vanillite,バニプッチ,Sorbébé,Gelatini,바닐프티,迷你冰,迷你冰,
583,,,,,,89,256,,,86,,,,,,,333,,,,,73,,23,,Vanillish,バニリッチ,Sorboul,Gelatroppo,바닐리치,多多冰,多多冰,
584,,,,,,90,257,,,87,,,,,,,334,,,,,74,,24,,Vanilluxe,バイバニラ,Sorbouboul,Gelatwino,배바닐라,雙倍多多冰,双倍多多冰,
585,,,,,,91,159,,,,,,,,,,,,,,,,,,190,Deerling,シキジカ,Vivaldaim,Sesokitz,사철록,四季鹿,四季鹿,
586,,,,,,92,160,,,,,,,,,,,,,,,,,,191,Sawsbuck,メブキジカ,Haydaim,Kronjuwild,바라철록,萌芽鹿,萌芽鹿,
587,,,,,,93,144,,86,,,,,,,,364,,,,111,,102,,,Emolga,エモンガ,Emolga,Emolga,에몽가,電飛鼠,电飞鼠,
588,,,,,,94,155,,,22,,,,,,,,,,,,273,66,95,,Karrablast,カブルモ,Carabing,Laukaps,딱정곤,蓋蓋蟲,盖盖虫,
589,,,,,,95,156,,,23,,,,,,,,,,,,274,67,96,,Escavalier,シュバルゴ,Lançargot,Cavalanzas,슈바르고,騎士蝸牛,骑士蜗牛,
590,,,,,,96,161,,,53,,,,,,,,,,,,,77,,205,Foongus,タマゲタケ,Trompignon,Tarnpignon,깜놀버슬,哎呀球菇,哎呀球菇,
591,,,,,,97,162,,,54,,,,,,,,,,,,,78,,206,Amoonguss,モロバレル,Gaulet,Hutsassa,뽀록나,敗露球菇,败露球菇,
592,,,,,,98,180,,,,,,,,,,318,,,,,305,192,,,Frillish,プルリル,Viskuse,Quabbel,탱그릴,輕飄飄,轻飘飘,
593,,,,,,99,181,,,,,,,,,,319,,,,,306,193,,,Jellicent,ブルンゲル,Moyade,Apoquallyp,탱탱겔,胖嘟嘟,胖嘟嘟,
594,,,,,,100,182,,149,,,,,,,,191,,92,,,,,,336,Alomomola,ママンボウ,Mamanbo,Mamolida,맘복치,保母曼波,保姆曼波,
595,,,,,,101,173,,,,,,,,,,,,,,,64,,93,,Joltik,バチュル,Statitik,Wattzapf,파쪼옥,電電蟲,电电虫,
596,,,,,,102,174,,,,,,,,,,,,,,,65,,94,,Galvantula,デンチュラ,Mygavolt,Voltula,전툴라,電蜘蛛,电蜘蛛,
597,,,,,,103,175,,69,,,,,,,,,,,,,189,,179,,Ferroseed,テッシード,Grindur,Kastadur,철시드,種子鐵球,种子铁球,
598,,,,,,104,176,,70,,,,,,,,,,,,,190,,180,,Ferrothorn,ナットレイ,Noacier,Tentantel,너트령,堅果啞鈴,坚果哑铃,
599,,,,,,105,130,,,,,,,,,,,,,,,113,,,,Klink,ギアル,Tic,Klikk,기어르,齒輪兒,齿轮儿,
600,,,,,,106,131,,,,,,,,,,,,,,,114,,,,Klang,ギギアル,Clic,Kliklak,기기어르,齒輪組,齿轮组,
601,,,,,,107,132,,,,,,,,,,,,,,,115,,,,Klinklang,ギギギアル,Cliticlic,Klikdiklak,기기기어르,齒輪怪,齿轮怪,
602,,,,,,108,177,,,,,,,,,,,,,,,,,,341,Tynamo,シビシラス,Anchwatt,Zapplardin,저리어,麻麻小魚,麻麻小鱼,
603,,,,,,109,178,,,,,,,,,,,,,,,,,,342,Eelektrik,シビビール,Lampéroie,Zapplalek,저리릴,麻麻鰻,麻麻鳗,
604,,,,,,110,179,,,,,,,,,,,,,,,,,,343,Eelektross,シビルドン,Ohmassacre,Zapplarang,저리더프,麻麻鰻魚王,麻麻鳗鱼王,
605,,,,,,111,188,,,,,,,,,,275,,,,,277,,,,Elgyem,リグレー,Lewsor,Pygraulon,리그레,小灰怪,小灰怪,
606,,,,,,112,189,,,,,,,,,,276,,,,,278,,,,Beheeyem,オーベム,Neitram,Megalon,벰크,大宇怪,大宇怪,
607,,,,,,113,190,,,65,,,,,,,,,,,,287,,48,,Litwick,ヒトモシ,Funécire,Lichtel,불켜미,燭光靈,烛光灵,
608,,,,,,114,191,,,66,,,,,,,,,,,,288,,49,,Lampent,ランプラー,Mélancolux,Laternecto,램프라,燈火幽靈,灯火幽灵,
609,,,,,,115,192,,,67,,,,,,,,,,,,289,,50,,Chandelure,シャンデラ,Lugulabre,Skelabra,샹델라,水晶燈火靈,水晶灯火灵,
610,,,,,,116,183,148,,,,,,,,,,,,,,324,,,155,Axew,キバゴ,Coupenotte,Milza,터검니,牙牙,牙牙,
611,,,,,,117,184,149,,,,,,,,,,,,,,325,,,156,Fraxure,オノンド,Incisache,Sharfax,액슨도,斧牙龍,斧牙龙,
612,,,,,,118,185,150,,,,,,,,,,,,,,326,,,157,Haxorus,オノノクス,Tranchodon,Maxax,액스라이즈,雙斧戰龍,双斧战龙,
613,,,,,,119,195,,,81,,,,,,,,,,,,279,,121,355,Cubchoo,クマシュン,Polarhume,Petznief,코고미,噴嚏熊,喷嚏熊,
614,,,,,,120,196,,,82,,,,,,,,,,,,280,,122,356,Beartic,ツンベアー,Polagriffe,Siberio,툰베어,凍原熊,冻原熊,
615,,,,,,121,197,,,111,,,,,,,,,,,,,,30,360,Cryogonal,フリージオ,Hexagel,Frigometri,프리지오,幾何雪花,几何雪花,
616,,,,,,122,157,,,24,,,,,,,,,,,,275,64,97,,Shelmet,チョボマキ,Escargaume,Schnuthelm,쪼마리,小嘴蝸,小嘴蜗,
617,,,,,,123,158,,,25,,,,,,,,,,,,276,65,98,,Accelgor,アギルダー,Limaspeed,Hydragil,어지리더,敏捷蟲,敏捷虫,
618,,,,,,124,231,,,39,,,,,,,,,,,,226,,,,Stunfisk,マッギョ,Limonde,Flunschlik,메더,泥巴魚,泥巴鱼,
619,,,,,,125,219,,3,,,,,,,,359,,,,106,,163,,,Mienfoo,コジョフー,Kungfouine,Lin-Fu,비조푸,功夫鼬,功夫鼬,
620,,,,,,126,220,,4,,,,,,,,360,,,,107,,164,,,Mienshao,コジョンド,Shaofouine,Wie-Shu,비조도,師父鼬,师父鼬,
621,,,,,,127,270,,,141,,,,,,,374,,,,121,,63,119,,Druddigon,クリムガン,Drakkarmin,Shardrago,크리만,赤面龍,赤面龙,
622,,,,,,128,271,,91,,,,,,,,312,,,,,88,,153,,Golett,ゴビット,Gringolem,Golbit,골비람,泥偶小人,泥偶小人,
623,,,,,,129,272,,92,,,,,,,,313,,,,,89,,154,,Golurk,ゴルーグ,Golemastoc,Golgantes,골루그,泥偶巨人,泥偶巨人,
624,,,,,,130,223,,,48,,,,,,,337,,,,,246,29,,367,Pawniard,コマタナ,Scalpion,Gladiantri,자망칼,駒刀小兵,驹刀小兵,
625,,,,,,131,224,,,49,,,,,,,338,,,,,247,30,,368,Bisharp,キリキザン,Scalproie,Caesurio,절각참,劈斬司令,劈斩司令,
626,,,,,,132,269,,,,,,,,,,,,,,,,53,,,Bouffalant,バッフロン,Frison,Bisofank,버프론,爆炸頭水牛,爆炸头水牛,
627,,,,,,133,109,,,,,,,,,,89,89,,,35,281,179,,365,Rufflet,ワシボン,Furaiglon,Geronimatz,수리둥보,毛頭小鷹,毛头小鹰,221
628,,,,,,134,110,,,,,,,,,,90,90,,,36,282,180,,366,Braviary,ウォーグル,Gueriaigle,Washakwil,워글,勇士雄鷹,勇士雄鹰,222
629,,,,,,135,111,,,,,,,,,,91,91,,,37,283,181,,,Vullaby,バルチャイ,Vostourno,Skallyk,벌차이,禿鷹丫頭,秃鹰丫头,
630,,,,,,136,112,,,,,,,,,,92,92,,,38,284,182,,,Mandibuzz,バルジーナ,Vaututrice,Grypheldis,버랜지나,禿鷹娜,秃鹰娜,
631,,,,,,137,193,,,105,,,,,,,,,,,,317,,102,,Heatmor,クイタラン,Aflamanoir,Furnifraß,앤티골,熔蟻獸,熔蚁兽,
632,,,,,,138,194,,,106,,,,,,,,,,,,316,,101,,Durant,アイアント,Fermite,Fermicula,아이앤트,鐵蟻,铁蚁,
633,,,,,,139,273,,,142,,,,,,,,,,,,386,,136,370,Deino,モノズ,Solochi,Kapuno,모노두,單首龍,单首龙,
634,,,,,,140,274,,,143,,,,,,,,,,,,387,,137,371,Zweilous,ジヘッド,Diamat,Duodino,디헤드,雙首暴龍,双首暴龙,
635,,,,,,141,275,,,144,,,,,,,,,,,,388,,138,372,Hydreigon,サザンドラ,Trioxhydre,Trikephalo,삼삼드래,三首惡龍,三首恶龙,
636,,,,,,142,171,,,,,,,,,,203,,104,,,,186,,274,Larvesta,メラルバ,Pyronille,Ignivor,활화르바,燃燒蟲,燃烧虫,
637,,,,,,143,172,,,,,,,,,,204,,105,,,,187,,275,Volcarona,ウルガモス,Pyrax,Ramoth,불카모스,火神蛾,火神蛾,
638,,,,,,144,225,,,,,,,,,,,,,,,,,205,,Cobalion,コバルオン,Cobaltium,Kobalium,코바르온,勾帕路翁,勾帕路翁,
639,,,,,,145,226,,,,,,,,,,,,,,,,,206,,Terrakion,テラキオン,Terrakium,Terrakium,테라키온,代拉基翁,代拉基翁,
640,,,,,,146,227,,,,,,,,,,,,,,,,,207,,Virizion,ビリジオン,Viridium,Viridium,비리디온,畢力吉翁,毕力吉翁,
641,,,,,,147,198,,,,,,,,,,,,,,,,,,,Tornadus,トルネロス,Boréas,Boreos,토네로스,龍捲雲,龙卷云,231
642,,,,,,148,199,,,,,,,,,,,,,,,,,,,Thundurus,ボルトロス,Fulguris,Voltolos,볼트로스,雷電雲,雷电云,232
643,,,,,,149,295,,,,,,,,,,,,,,,,,,,Reshiram,レシラム,Reshiram,Reshiram,레시라무,萊希拉姆,莱希拉姆,
644,,,,,,150,296,,,,,,,,,,,,,,,,,,,Zekrom,ゼクロム,Zekrom,Zekrom,제크로무,捷克羅姆,捷克罗姆,
645,,,,,,151,200,,,,,,,,,,,,,,,,,,,Landorus,ランドロス,Démétéros,Demeteros,랜드로스,土地雲,土地云,233
646,,,,,,152,297,,,,,,,,,,,,,,,,,,,Kyurem,キュレム,Kyurem,Kyurem,큐레무,酋雷姆,酋雷姆,
647,,,,,,153,298,,,,,,,,,,,,,,,,,,,Keldeo,ケルディオ,Keldeo,Keldeo,케르디오,凱路迪歐,凯路迪欧,
648,,,,,,154,299,,,,,,,,,,,,,,,,,,,Meloetta,メロエッタ,Meloetta,Meloetta,메로엣타,美洛耶塔,美洛耶塔,
649,,,,,,155,300,,,,,,,,,,,,,,,,,,,Genesect,ゲノセクト,Genesect,Genesect,게노세크트,蓋諾賽克特,盖诺赛克特,
650,,,,,,,,1,,,,,,,,,,,,,,,,,,Chespin,ハリマロン,Marisson,Igamaro,도치마론,哈力栗,哈力栗,
651,,,,,,,,2,,,,,,,,,,,,,,,,,,Quilladin,ハリボーグ,Boguérisse,Igastarnish,도치보구,胖胖哈力,胖胖哈力,
652,,,,,,,,3,,,,,,,,,,,,,,,,,,Chesnaught,ブリガロン,Blindépique,Brigaron,브리가론,布里卡隆,布里卡隆,
653,,,,,,,,4,,,,,,,,,,,,,,,,,,Fennekin,フォッコ,Feunnec,Fynx,푸호꼬,火狐狸,火狐狸,
654,,,,,,,,5,,,,,,,,,,,,,,,,,,Braixen,テールナー,Roussil,Rutena,테르나,長尾火狐,长尾火狐,
655,,,,,,,,6,,,,,,,,,,,,,,,,,,Delphox,マフォクシー,Goupelin,Fennexis,마폭시,妖火紅狐,妖火红狐,
656,,,,,,,,7,,,,,,,,,,,,,,,,,,Froakie,ケロマツ,Grenousse,Froxy,개구마르,呱呱泡蛙,呱呱泡蛙,
657,,,,,,,,8,,,,,,,,,,,,,,,,,,Frogadier,ゲコガシラ,Croâporal,Amphizel,개굴반장,呱頭蛙,呱头蛙,
658,,,,,,,,9,,,,,,,,,,,,,,,,,,Greninja,ゲッコウガ,Amphinobi,Quajutsu,개굴닌자,甲賀忍蛙,甲贺忍蛙,
659,,,,,,,,10,,,,,,,,,,,,,,48,,,,Bunnelby,ホルビー,Sapereau,Scoppel,파르빗,掘掘兔,掘掘兔,
660,,,,,,,,11,,,,,,,,,,,,,,49,,,,Diggersby,ホルード,Excavarenne,Grebbit,파르토,掘地兔,掘地兔,
661,,,,,,,,14,,,,,,,,,192,,93,,,,22,,19,Fletchling,ヤヤコマ,Passerouge,Dartiri,화살꼬빈,小箭雀,小箭雀,
662,,,,,,,,15,,,,,,,,,193,,94,,,,23,,20,Fletchinder,ヒノヤコマ,Braisillon,Dartignis,불화살빈,火箭雀,火箭雀,
663,,,,,,,,16,,,,,,,,,194,,95,,,,24,,21,Talonflame,ファイアロー,Flambusard,Fiaro,파이어로,烈箭鷹,烈箭鹰,
664,,,,,,,,20,,,,,,,,,,,,,,,,,35,Scatterbug,コフキムシ,Lépidonille,Purmel,분이벌레,粉蝶蟲,粉蝶虫,
665,,,,,,,,21,,,,,,,,,,,,,,,,,36,Spewpa,コフーライ,Pérégrain,Puponcho,분떠도리,粉蝶蛹,粉蝶蛹,
666,,,,,,,,22,,,,,,,,,,,,,,,,,37,Vivillon,ビビヨン,Prismillon,Vivillon,비비용,彩粉蝶,彩粉蝶,
667,,,,,,,,57,,,,,,,,,370,,,,117,,,,224,Litleo,シシコ,Hélionceau,Leufeo,레오꼬,小獅獅,小狮狮,
668,,,,,,,,58,,,,,,,,,371,,,,118,,,,225,Pyroar,カエンジシ,Némélios,Pyroleo,화염레오,火炎獅,火炎狮,
669,,,,,,,,68,,,,,,,,,100,100,,,44,,,,145,Flabébé,フラベベ,Flabébé,Flabébé,플라베베,花蓓蓓,花蓓蓓,
670,,,,,,,,69,,,,,,,,,101,101,,,45,,,,146,Floette,フラエッテ,Floette,Floette,플라엣테,花葉蒂,花叶蒂,
671,,,,,,,,70,,,,,,,,,102,102,,,46,,,,147,Florges,フラージェス,Florges,Florges,플라제스,花潔夫人,花洁夫人,
672,,,,,,,,89,,,,,,,,,,,,,,,,,221,Skiddo,メェークル,Cabriolaine,Mähikel,메이클,坐騎小羊,坐骑小羊,
673,,,,,,,,90,,,,,,,,,,,,,,,,,222,Gogoat,ゴーゴート,Chevroum,Chevrumm,고고트,坐騎山羊,坐骑山羊,
674,,,,,,,,91,,,,,,,,,284,,,,,111,,,,Pancham,ヤンチャム,Pandespiègle,Pam-Pam,판짱,頑皮熊貓,顽皮熊猫,
675,,,,,,,,92,,,,,,,,,285,,,,,112,,,,Pangoro,ゴロンダ,Pandarbare,Pandagro,부란다,流氓熊貓,流氓熊猫,
676,,,,,,,,93,,,,,,,,,30,30,,,14,,,,,Furfrou,トリミアン,Couafarel,Coiffwaff,트리미앙,多麗米亞,多丽米亚,
677,,,,,,,,114,,,,,,,,,,,,,,208,,,,Espurr,ニャスパー,Psystigri,Psiau,냐스퍼,妙喵,妙喵,
678,,,,,,,,115,,,,,,,,,,,,,,209,,,,Meowstic,ニャオニクス,Mistigrix,Psiaugon,냐오닉스,超能妙喵,超能妙喵,
679,,,,,,,,117,,,,,,,,,,,,,,330,,,,Honedge,ヒトツキ,Monorpale,Gramokles,단칼빙,獨劍鞘,独剑鞘,
680,,,,,,,,118,,,,,,,,,,,,,,331,,,,Doublade,ニダンギル,Dimoclès,Duokles,쌍검킬,雙劍鞘,双剑鞘,
681,,,,,,,,119,,,,,,,,,,,,,,332,,,,Aegislash,ギルガルド,Exagide,Durengard,킬가르도,堅盾劍怪,坚盾剑怪,
682,,,,,,,,129,,,,,,,,,,,,,,212,,,,Spritzee,シュシュプ,Fluvetin,Parfi,슈쁘,粉香香,粉香香,
683,,,,,,,,130,,,,,,,,,,,,,,213,,,,Aromatisse,フレフワン,Cocotine,Parfinesse,프레프티르,芳香精,芳香精,
684,,,,,,,,131,,,,,,,,,,,,,,210,,,,Swirlix,ペロッパフ,Sucroquin,Flauschling,나룸퍼프,綿綿泡芙,绵绵泡芙,
685,,,,,,,,132,,,,,,,,,,,,,,211,,,,Slurpuff,ペロリーム,Cupcanaille,Sabbaione,나루림,胖甜妮,胖甜妮,
686,,,,,,,,,10,,,,,,,,26,26,,,10,290,108,,,Inkay,マーイーカ,Sepiatop,Iscalar,오케이징,好啦魷,好啦鱿,
687,,,,,,,,,11,,,,,,,,27,27,,,11,291,109,,,Malamar,カラマネロ,Sepiatroce,Calamanero,칼라마네로,烏賊王,乌贼王,
688,,,,,,,,,21,,,,,,,,,,,,,234,,,,Binacle,カメテテ,Opermine,Bithora,거북손손,龜腳腳,龟脚脚,
689,,,,,,,,,22,,,,,,,,,,,,,235,,,,Barbaracle,ガメノデス,Golgopathe,Thanathora,거북손데스,龜足巨鎧,龟足巨铠,
690,,,,,,,,,30,,,,,,,,347,,,,94,,194,,337,Skrelp,クズモー,Venalgue,Algitt,수레기,垃垃藻,垃垃藻,
691,,,,,,,,,31,,,,,,,,348,,,,95,,195,,338,Dragalge,ドラミドロ,Kravarech,Tandrak,드래캄,毒藻龍,毒藻龙,
692,,,,,,,,,32,,,,,,,,349,,,,96,,196,,339,Clauncher,ウデッポウ,Flingouste,Scampisto,완철포,鐵臂槍蝦,铁臂枪虾,
693,,,,,,,,,33,,,,,,,,350,,,,97,,197,,340,Clawitzer,ブロスター,Gamblast,Wummer,블로스터,鋼砲臂蝦,钢炮臂虾,
694,,,,,,,,,46,,,,,,,,,,,,,318,,,,Helioptile,エリキテル,Galvaran,Eguana,목도리키텔,傘電蜥,伞电蜥,
695,,,,,,,,,47,,,,,,,,,,,,,319,,,,Heliolisk,エレザード,Iguolta,Elezard,일레도리자드,光電傘蜥,光电伞蜥,
696,,,,,,,,,64,,,,,,,,243,,144,,,,,83,,Tyrunt,チゴラス,Ptyranidur,Balgoras,티고라스,寶寶暴龍,宝宝暴龙,
697,,,,,,,,,65,,,,,,,,244,,145,,,,,84,,Tyrantrum,ガチゴラス,Rexillius,Monargoras,견고라스,怪顎龍,怪颚龙,
698,,,,,,,,,66,,,,,,,,245,,146,,,,,85,,Amaura,アマルス,Amagara,Amarino,아마루스,冰雪龍,冰雪龙,
699,,,,,,,,,67,,,,,,,,246,,147,,,,,86,,Aurorus,アマルルガ,Dragmara,Amagarga,아마루르가,冰雪巨龍,冰雪巨龙,
700,,,,,,,,,85,,,,,,,,161,,62,,,204,,82,187,Sylveon,ニンフィア,Nymphali,Feelinara,님피아,仙子伊布,仙子伊布,33
701,,,,,,,,,89,,,,,,,,96,96,,,,320,,,301,Hawlucha,ルチャブル,Brutalibré,Resladero,루차불,摔角鷹人,摔角鹰人,
702,,,,,,,,,110,,,,,,,,291,,,,,,103,,200,Dedenne,デデンネ,Dedenne,Dedenne,데덴네,咚咚鼠,咚咚鼠,
703,,,,,,,,,124,,,,,,,,123,123,,,63,,,128,,Carbink,メレシー,Strassie,Rocara,멜리시,小碎鑽,小碎钻,
704,,,,,,,,,,19,,,,,,,217,,118,,79,389,60,,172,Goomy,ヌメラ,Mucuscule,Viscora,미끄메라,黏黏寶,黏黏宝,115
705,,,,,,,,,,20,,,,,,,218,,119,,80,390,61,,173,Sliggoo,ヌメイル,Colimucus,Viscargot,미끄네일,黏美兒,黏美儿,116
706,,,,,,,,,,21,,,,,,,219,,120,,81,391,62,,174,Goodra,ヌメルゴン,Muplodocus,Viscogon,미끄래곤,黏美龍,黏美龙,117
707,,,,,,,,,,50,,,,,,,314,,,,,,28,,240,Klefki,クレッフィ,Trousselin,Clavion,클레피,鑰圈兒,钥圈儿,
708,,,,,,,,,,61,,,,,,,250,,151,,,338,,33,,Phantump,ボクレー,Brocélôme,Paragoni,나목령,小木靈,小木灵,
709,,,,,,,,,,62,,,,,,,251,,152,,,339,,34,,Trevenant,オーロット,Desséliande,Trombork,대로트,朽木妖,朽木妖,
710,,,,,,,,,,63,,,,,,,,,,,,191,,,,Pumpkaboo,バケッチャ,Pitrouille,Irrbis,호바귀,南瓜精,南瓜精,
711,,,,,,,,,,64,,,,,,,,,,,,192,,,,Gourgeist,パンプジン,Banshitrouye,Pumpdjinn,펌킨인,南瓜怪人,南瓜怪人,
712,,,,,,,,,,79,,,,,,,,,,,,358,,142,363,Bergmite,カチコール,Grelaçon,Arktip,꽁어름,冰寶,冰宝,215
713,,,,,,,,,,80,,,,,,,,,,,,359,,143,364,Avalugg,クレベース,Séracrawl,Arktilas,크레베이스,冰岩怪,冰岩怪,216
714,,,,,,,,,,113,,,,,,,83,83,,,29,176,,181,303,Noibat,オンバット,Sonistrelle,eF-eM,음뱃,嗡蝠,嗡蝠,
715,,,,,,,,,,114,,,,,,,84,84,,,30,177,,182,304,Noivern,オンバーン,Bruyverne,UHaFnir,음번,音波龍,音波龙,
716,,,,,,,,,,148,,,,,,,,,,,,,,,,Xerneas,ゼルネアス,Xerneas,Xerneas,제르네아스,哲爾尼亞斯,哲尔尼亚斯,
717,,,,,,,,,,149,,,,,,,,,,,,,,,,Yveltal,イベルタル,Yveltal,Yveltal,이벨타르,伊裴爾塔爾,伊裴尔塔尔,
718,,,,,,,,,,150,,,,,,,263,,,,,,,,,Zygarde,ジガルデ,Zygarde,Zygarde,지가르데,基格爾德,基格尔德,
719,,,,,,,,,,,,,,,,,,,,,,,,,,Diancie,ディアンシー,Diancie,Diancie,디안시,蒂安希,蒂安希,
720,,,,,,,,,,,,,,,,,,,,,,,,,,Hoopa,フーパ,Hoopa,Hoopa,후파,胡帕,胡帕,
721,,,,,,,,,,,,,,,,,,,,,,,,,,Volcanion,ボルケニオン,Volcanion,Volcanion,볼케니온,波爾凱尼恩,波尔凯尼恩,
722,,,,,,,,,,,,,,,,,1,1,,,,,,,,Rowlet,モクロー,Brindibou,Bauz,나몰빼미,木木梟,木木枭,1
723,,,,,,,,,,,,,,,,,2,2,,,,,,,,Dartrix,フクスロー,Efflèche,Arboretoss,빼미스로우,投羽梟,投羽枭,2
724,,,,,,,,,,,,,,,,,3,3,,,,,,,,Decidueye,ジュナイパー,Archéduc,Silvarro,모크나이퍼,狙射樹梟,狙射树枭,3
725,,,,,,,,,,,,,,,,,4,4,,,,,,,,Litten,ニャビー,Flamiaou,Flamiau,냐오불,火斑喵,火斑喵,
726,,,,,,,,,,,,,,,,,5,5,,,,,,,,Torracat,ニャヒート,Matoufeu,Miezunder,냐오히트,炎熱喵,炎热喵,
727,,,,,,,,,,,,,,,,,6,6,,,,,,,,Incineroar,ガオガエン,Félinferno,Fuegro,어흥염,熾焰咆哮虎,炽焰咆哮虎,
728,,,,,,,,,,,,,,,,,7,7,,,,,,,,Popplio,アシマリ,Otaquin,Robball,누리공,球球海獅,球球海狮,
729,,,,,,,,,,,,,,,,,8,8,,,,,,,,Brionne,オシャマリ,Otarlette,Marikeck,키요공,花漾海獅,花漾海狮,
730,,,,,,,,,,,,,,,,,9,9,,,,,,,,Primarina,アシレーヌ,Oratoria,Primarene,누리레느,西獅海壬,西狮海壬,
731,,,,,,,,,,,,,,,,,10,10,1,,1,,,,,Pikipek,ツツケラ,Picassaut,Peppeck,콕코구리,小篤兒,小笃儿,
732,,,,,,,,,,,,,,,,,11,11,2,,2,,,,,Trumbeak,ケララッパ,Piclairon,Trompeck,크라파,喇叭啄鳥,喇叭啄鸟,
733,,,,,,,,,,,,,,,,,12,12,3,,3,,,,,Toucannon,ドデカバシ,Bazoucan,Tukanon,왕큰부리,銃嘴大鳥,铳嘴大鸟,
734,,,,,,,,,,,,,,,,,13,13,4,,4,,,,27,Yungoos,ヤングース,Manglouton,Mangunior,영구스,貓鼬少,猫鼬少,
735,,,,,,,,,,,,,,,,,14,14,5,,5,,,,28,Gumshoos,デカグース,Argouste,Manguspektor,형사구스,貓鼬探長,猫鼬探长,
736,,,,,,,,,,,,,,,,,34,34,11,,,16,,,,Grubbin,アゴジムシ,Larvibule,Mabula,턱지충이,強顎雞母蟲,强颚鸡母虫,
737,,,,,,,,,,,,,,,,,35,35,12,,,17,,,,Charjabug,デンヂムシ,Chrysapile,Akkup,전지충이,蟲電寶,虫电宝,
738,,,,,,,,,,,,,,,,,36,36,13,,,18,,,,Vikavolt,クワガノン,Lucanon,Donarion,투구뿌논,鍬農砲蟲,锹农炮虫,
739,,,,,,,,,,,,,,,,,71,71,21,,24,,,,118,Crabrawler,マケンカニ,Crabagarre,Krabbox,오기지게,好勝蟹,好胜蟹,
740,,,,,,,,,,,,,,,,,72,72,22,,25,,,,119,Crabominable,ケケンカニ,Crabominable,Krawell,모단단게,好勝毛蟹,好胜毛蟹,
741,,,,,,,,,,,,,,,,,97,97,31,,41,,,,100,Oricorio,オドリドリ,Plumeline,Choreogel,춤추새,花舞鳥,花舞鸟,
742,,,,,,,,,,,,,,,,,98,98,,,42,187,,,,Cutiefly,アブリー,Bombydou,Wommel,에블리,萌虻,萌虻,
743,,,,,,,,,,,,,,,,,99,99,,,43,188,,,,Ribombee,アブリボン,Rubombelle,Bandelby,에리본,蝶結萌虻,蝶结萌虻,
744,,,,,,,,,,,,,,,,,126,126,,,65,,157,,89,Rockruff,イワンコ,Rocabot,Wuffels,암멍이,岩狗狗,岩狗狗,
745,,,,,,,,,,,,,,,,,127,127,,,66,,158,,90,Lycanroc,ルガルガン,Lougaroc,Wolwerock,루가루암,鬃岩狼人,鬃岩狼人,
746,,,,,,,,,,,,,,,,,133,133,42,,,155,110,,,Wishiwashi,ヨワシ,Froussardine,Lusardin,약어리,弱丁魚,弱丁鱼,
747,,,,,,,,,,,,,,,,,136,136,45,,,307,127,,344,Mareanie,ヒドイデ,Vorastérie,Garstella,시마사리,好壞星,好坏星,
748,,,,,,,,,,,,,,,,,137,137,46,,,308,128,,345,Toxapex,ドヒドイデ,Prédastérie,Aggrostella,더시마사리,超壞星,超坏星,
749,,,,,,,,,,,,,,,,,165,,66,,71,84,,,272,Mudbray,ドロバンコ,Tiboudet,Pampuli,머드나기,泥驢仔,泥驴仔,
750,,,,,,,,,,,,,,,,,166,,67,,72,85,,,273,Mudsdale,バンバドロ,Bourrinos,Pampross,만마드,重泥挽馬,重泥挽马,
751,,,,,,,,,,,,,,,,,174,,75,,,214,,91,,Dewpider,シズクモ,Araqua,Araqua,물거미,滴蛛,滴蛛,
752,,,,,,,,,,,,,,,,,175,,76,,,215,,92,,Araquanid,オニシズクモ,Tarenbulle,Aranestro,깨비물거미,滴蛛霸,滴蛛霸,
753,,,,,,,,,,,,,,,,,176,,77,,,,17,,247,Fomantis,カリキリ,Mimantis,Imantis,짜랑랑,偽螳草,伪螳草,
754,,,,,,,,,,,,,,,,,177,,78,,,,18,,248,Lurantis,ラランテス,Floramantis,Mantidea,라란티스,蘭螳花,兰螳花,
755,,,,,,,,,,,,,,,,,178,,79,,,340,,,,Morelull,ネマシュ,Spododo,Bubungus,자마슈,睡睡菇,睡睡菇,
756,,,,,,,,,,,,,,,,,179,,80,,,341,,,,Shiinotic,マシェード,Lampignon,Lamellux,마셰이드,燈罩夜菇,灯罩夜菇,
757,,,,,,,,,,,,,,,,,195,,96,,,244,159,,120,Salandit,ヤトウモリ,Tritox,Molunk,야도뇽,夜盜火蜥,夜盗火蜥,
758,,,,,,,,,,,,,,,,,196,,97,,,245,160,,121,Salazzle,エンニュート,Malamandre,Amfira,염뉴트,焰后蜥,焰后蜥,
759,,,,,,,,,,,,,,,,,205,,106,,76,94,,,,Stufful,ヌイコグマ,Nounourson,Velursi,포곰곰,童偶熊,童偶熊,
760,,,,,,,,,,,,,,,,,206,,107,,77,95,,,,Bewear,キテルグマ,Chelours,Kosturso,이븐곰,穿著熊,穿着熊,
761,,,,,,,,,,,,,,,,,207,,108,,,52,,,81,Bounsweet,アマカジ,Croquine,Frubberl,달콤아,甜竹竹,甜竹竹,
762,,,,,,,,,,,,,,,,,208,,109,,,53,,,82,Steenee,アママイコ,Candine,Frubaila,달무리나,甜舞妮,甜舞妮,
763,,,,,,,,,,,,,,,,,209,,110,,,54,,,83,Tsareena,アマージョ,Sucreine,Fruyal,달코퀸,甜冷美后,甜冷美后,
764,,,,,,,,,,,,,,,,,210,,111,,,,79,,,Comfey,キュワワー,Guérilande,Curelei,큐아링,花療環環,花疗环环,
765,,,,,,,,,,,,,,,,,215,,116,,,342,89,,313,Oranguru,ヤレユータン,Gouroutan,Kommandutan,하랑우탄,智揮猩,智挥猩,
766,,,,,,,,,,,,,,,,,216,,117,,,343,90,,314,Passimian,ナゲツケサル,Quartermac,Quartermak,내던숭이,投擲猴,投掷猴,
767,,,,,,,,,,,,,,,,,221,,122,,83,232,124,,,Wimpod,コソクムシ,Sovkipou,Reißlaus,꼬시레,膽小蟲,胆小虫,
768,,,,,,,,,,,,,,,,,222,,123,,84,233,125,,,Golisopod,グソクムシャ,Sarmuraï,Tectass,갑주무사,具甲武者,具甲武者,
769,,,,,,,,,,,,,,,,,225,,126,,,,133,,322,Sandygast,スナバァ,Bacabouh,Sankabuh,모래꿍,沙丘娃,沙丘娃,
770,,,,,,,,,,,,,,,,,226,,127,,,,134,,323,Palossand,シロデスナ,Trépassable,Colossand,모래성이당,噬沙堡爺,噬沙堡爷,
771,,,,,,,,,,,,,,,,,256,,157,,,156,,,,Pyukumuku,ナマコブシ,Concombaffe,Gufa,해무기,拳海參,拳海参,
772,,,,,,,,,,,,,,,,,259,,,,,381,,,,Type: Null,タイプ：ヌル,Type:0,Typ:Null,타입:널,屬性：空,属性：空,
773,,,,,,,,,,,,,,,,,260,,,,,382,,,,Silvally,シルヴァディ,Silvallié,Amigento,실버디,銀伴戰獸,银伴战兽,
774,,,,,,,,,,,,,,,,,277,,,,,,,,,Minior,メテノ,Météno,Meteno,메테노,小隕星,小陨星,
775,,,,,,,,,,,,,,,,,286,,,,,,,,315,Komala,ネッコアラ,Dodoala,Koalelu,자말라,樹枕尾熊,树枕尾熊,
776,,,,,,,,,,,,,,,,,288,,,,,347,,,,Turtonator,バクガメス,Boumata,Tortunator,폭거북스,爆焰龜獸,爆焰龟兽,
777,,,,,,,,,,,,,,,,,292,,,,,348,,,,Togedemaru,トゲデマル,Togedemaru,Togedemaru,토게데마루,托戈德瑪爾,托戈德玛尔,
778,,,,,,,,,,,,,,,,,315,,,,,301,,46,239,Mimikyu,ミミッキュ,Mimiqui,Mimigma,따라큐,謎擬Ｑ,谜拟Ｑ,
779,,,,,,,,,,,,,,,,,320,,,,,,,,335,Bruxish,ハギギシリ,Denticrisse,Knirfish,치갈기,磨牙彩皮魚,磨牙彩皮鱼,
780,,,,,,,,,,,,,,,,,321,,,,,346,,,,Drampa,ジジーロン,Draïeul,Sen-Long,할비롱,老翁龍,老翁龙,
781,,,,,,,,,,,,,,,,,344,,,,91,360,,162,,Dhelmise,ダダリン,Sinistrail,Moruda,타타륜,破破舵輪,破破舵轮,
782,,,,,,,,,,,,,,,,,361,,,,108,392,165,,,Jangmo-o,ジャラコ,Bébécaille,Miniras,짜랑꼬,心鱗寶,心鳞宝,
783,,,,,,,,,,,,,,,,,362,,,,109,393,166,,,Hakamo-o,ジャランゴ,Écaïd,Mediras,짜랑고우,鱗甲龍,鳞甲龙,
784,,,,,,,,,,,,,,,,,363,,,,110,394,167,,,Kommo-o,ジャラランガ,Ékaïser,Grandiras,짜랑고우거,杖尾鱗甲龍,杖尾鳞甲龙,
785,,,,,,,,,,,,,,,,,383,150,,,,,,,,Tapu Koko,カプ・コケコ,Tokorico,Kapu-Riki,카푸꼬꼬꼭,卡璞・鳴鳴,卡璞・鸣鸣,
786,,,,,,,,,,,,,,,,,384,,160,,,,,,,Tapu Lele,カプ・テテフ,Tokopiyon,Kapu-Fala,카푸나비나,卡璞・蝶蝶,卡璞・蝶蝶,
787,,,,,,,,,,,,,,,,,385,,,,,,,,,Tapu Bulu,カプ・ブルル,Tokotoro,Kapu-Toro,카푸브루루,卡璞・哞哞,卡璞・哞哞,
788,,,,,,,,,,,,,,,,,386,,,,130,,,,,Tapu Fini,カプ・レヒレ,Tokopisco,Kapu-Kime,카푸느지느,卡璞・鰭鰭,卡璞・鳍鳍,
789,,,,,,,,,,,,,,,,,387,,,,,,,,,Cosmog,コスモッグ,Cosmog,Cosmog,코스모그,科斯莫古,科斯莫古,
790,,,,,,,,,,,,,,,,,388,,,,,,,,,Cosmoem,コスモウム,Cosmovum,Cosmovum,코스모움,科斯莫姆,科斯莫姆,
791,,,,,,,,,,,,,,,,,389,,,,,,,,,Solgaleo,ソルガレオ,Solgaleo,Solgaleo,솔가레오,索爾迦雷歐,索尔迦雷欧,
792,,,,,,,,,,,,,,,,,390,,,,,,,,,Lunala,ルナアーラ,Lunala,Lunala,루나아라,露奈雅拉,露奈雅拉,
793,,,,,,,,,,,,,,,,,391,,,,,,,,,Nihilego,ウツロイド,Zéroïd,Anego,텅비드,虛吾伊德,虛吾伊德,
794,,,,,,,,,,,,,,,,,394,,,,,,,,,Buzzwole,マッシブーン,Mouscoto,Masskito,매시붕,爆肌蚊,爆肌蚊,
795,,,,,,,,,,,,,,,,,395,,,,,,,,,Pheromosa,フェローチェ,Cancrelove,Schabelle,페로코체,費洛美螂,费洛美螂,
796,,,,,,,,,,,,,,,,,396,,,,,,,,,Xurkitree,デンジュモク,Câblifère,Voltriant,전수목,電束木,电束木,
797,,,,,,,,,,,,,,,,,397,,,,,,,,,Celesteela,テッカグヤ,Bamboiselle,Kaguron,철화구야,鐵火輝夜,铁火辉夜,
798,,,,,,,,,,,,,,,,,398,,,,,,,,,Kartana,カミツルギ,Katagami,Katagami,종이신도,紙御劍,纸御剑,
799,,,,,,,,,,,,,,,,,399,,,,,,,,,Guzzlord,アクジキング,Engloutyran,Schlingking,악식킹,惡食大王,恶食大王,
800,,,,,,,,,,,,,,,,,400,,,,,,,,,Necrozma,ネクロズマ,Necrozma,Necrozma,네크로즈마,奈克洛茲瑪,奈克洛兹玛,
801,,,,,,,,,,,,,,,,,401,,,,,,,,,Magearna,マギアナ,Magearna,Magearna,마기아나,瑪機雅娜,玛机雅娜,
802,,,,,,,,,,,,,,,,,402,,,,,,,,,Marshadow,マーシャドー,Marshadow,Marshadow,마샤도,瑪夏多,玛夏多,
803,,,,,,,,,,,,,,,,,261,,,,,,,,,Poipole,ベベノム,Vémini,Venicro,베베놈,毒貝比,毒贝比,
804,,,,,,,,,,,,,,,,,262,,,,,,,,,Naganadel,アーゴヨン,Mandrillon,Agoyon,아고용,四顎針龍,四颚针龙,
805,,,,,,,,,,,,,,,,,392,,,,,,,,,Stakataka,ツンデツンデ,Ama-Ama,Muramura,차곡차곡,壘磊石,垒磊石,
806,,,,,,,,,,,,,,,,,393,,,,,,,,,Blacephalon,ズガドーン,Pierroteknik,Kopplosio,두파팡,砰頭小丑,砰头小丑,
807,,,,,,,,,,,,,,,,,403,,,,,,,,,Zeraora,ゼラオラ,Zeraora,Zeraora,제라오라,捷拉奥拉,捷拉奥拉,
808,,,,,,,,,,,,,,,,,,,,,,,,,,Meltan,メルタン,Meltan,Meltan,멜탄,美錄坦,美录坦,
809,,,,,,,,,,,,,,,,,,,,,,,,,,Melmetal,メルメタル,Melmetal,Melmetal,멜메탈,美錄梅塔,美录梅塔,
810,,,,,,,,,,,,,,,,,,,,,,1,,,,Grookey,サルノリ,Ouistempo,Chimpep,흥나숭,敲音猴,敲音猴,
811,,,,,,,,,,,,,,,,,,,,,,2,,,,Thwackey,バチンキー,Badabouin,Chimstix,채키몽,啪咚猴,啪咚猴,
812,,,,,,,,,,,,,,,,,,,,,,3,,,,Rillaboom,ゴリランダー,Gorythmic,Gortrom,고릴타,轟擂金剛猩,轰擂金刚猩,
813,,,,,,,,,,,,,,,,,,,,,,4,,,,Scorbunny,ヒバニー,Flambino,Hopplo,염버니,炎兔兒,炎兔儿,
814,,,,,,,,,,,,,,,,,,,,,,5,,,,Raboot,ラビフット,Lapyro,Kickerlo,래비풋,騰蹴小將,腾蹴小将,
815,,,,,,,,,,,,,,,,,,,,,,6,,,,Cinderace,エースバーン,Pyrobut,Liberlo,에이스번,閃焰王牌,闪焰王牌,
816,,,,,,,,,,,,,,,,,,,,,,7,,,,Sobble,メッソン,Larméléon,Memmeon,울머기,淚眼蜥,泪眼蜥,
817,,,,,,,,,,,,,,,,,,,,,,8,,,,Drizzile,ジメレオン,Arrozard,Phlegleon,누겔레온,變澀蜥,变涩蜥,
818,,,,,,,,,,,,,,,,,,,,,,9,,,,Inteleon,インテレオン,Lézargus,Intelleon,인텔리레온,千面避役,千面避役,
819,,,,,,,,,,,,,,,,,,,,,,24,9,5,29,Skwovet,ホシガリス,Rongourmand,Raffel,탐리스,貪心栗鼠,贪心栗鼠,
820,,,,,,,,,,,,,,,,,,,,,,25,10,6,30,Greedent,ヨクバリス,Rongrigou,Schlaraffel,요씽리스,藏飽栗鼠,藏饱栗鼠,
821,,,,,,,,,,,,,,,,,,,,,,21,,163,40,Rookidee,ココガラ,Minisange,Meikro,파라꼬,稚山雀,稚山雀,
822,,,,,,,,,,,,,,,,,,,,,,22,,164,41,Corvisquire,アオガラス,Bleuseille,Kranoviz,파크로우,藍鴉,蓝鸦,
823,,,,,,,,,,,,,,,,,,,,,,23,,165,42,Corviknight,アーマーガア,Corvaillus,Krarmor,아머까오,鋼鎧鴉,钢铠鸦,
824,,,,,,,,,,,,,,,,,,,,,,10,14,,,Blipbug,サッチムシ,Larvadar,Sensect,두루지벌레,索偵蟲,索侦虫,
825,,,,,,,,,,,,,,,,,,,,,,11,15,,,Dottler,レドームシ,Coléodôme,Keradar,레돔벌레,天罩蟲,天罩虫,
826,,,,,,,,,,,,,,,,,,,,,,12,16,,,Orbeetle,イオルブ,Astronelle,Maritellit,이올브,以歐路普,以欧路普,
827,,,,,,,,,,,,,,,,,,,,,,29,,,,Nickit,クスネ,Goupilou,Kleptifux,훔처우,偷兒狐,偷儿狐,
828,,,,,,,,,,,,,,,,,,,,,,30,,,,Thievul,フォクスライ,Roublenard,Gaunux,폭슬라이,狐大盜,狐大盗,
829,,,,,,,,,,,,,,,,,,,,,,126,,166,,Gossifleur,ヒメンカ,Tournicoton,Cottini,꼬모카,幼棉棉,幼棉棉,
830,,,,,,,,,,,,,,,,,,,,,,127,,167,,Eldegoss,ワタシラガ,Blancoton,Cottomi,백솜모카,白蓬蓬,白蓬蓬,
831,,,,,,,,,,,,,,,,,,,,,,34,,3,,Wooloo,ウールー,Moumouton,Wolly,우르,毛辮羊,毛辫羊,
832,,,,,,,,,,,,,,,,,,,,,,35,,4,,Dubwool,バイウールー,Moumouflon,Zwollock,배우르,毛毛角羊,毛毛角羊,
833,,,,,,,,,,,,,,,,,,,,,,42,56,,57,Chewtle,カムカメ,Khélocrok,Kamehaps,깨물부기,咬咬龜,咬咬龟,
834,,,,,,,,,,,,,,,,,,,,,,43,57,,58,Drednaw,カジリガメ,Torgamord,Kamalm,갈가부기,暴噬龜,暴噬龟,
835,,,,,,,,,,,,,,,,,,,,,,46,,155,,Yamper,ワンパチ,Voltoutou,Voldi,멍파치,來電汪,来电汪,
836,,,,,,,,,,,,,,,,,,,,,,47,,156,,Boltund,パルスワン,Fulgudog,Bellektro,펄스멍,逐電犬,逐电犬,
837,,,,,,,,,,,,,,,,,,,,,,161,,176,91,Rolycoly,タンドン,Charbi,Klonkett,탄동,小炭仔,小炭仔,
838,,,,,,,,,,,,,,,,,,,,,,162,,177,92,Carkol,トロッゴン,Wagomine,Wagong,탄차곤,大炭車,大炭车,
839,,,,,,,,,,,,,,,,,,,,,,163,,178,93,Coalossal,セキタンザン,Monthracite,Montecarbo,석탄산,巨炭山,巨炭山,
840,,,,,,,,,,,,,,,,,,,,,,205,19,,108,Applin,カジッチュ,Verpom,Knapfel,과사삭벌레,啃果蟲,啃果虫,
841,,,,,,,,,,,,,,,,,,,,,,206,20,,109,Flapple,アップリュー,Pomdrapi,Drapfel,애프룡,蘋裹龍,苹裹龙,
842,,,,,,,,,,,,,,,,,,,,,,207,21,,110,Appletun,タルップル,Dratatin,Schlapfel,단지래플,豐蜜龍,丰蜜龙,
843,,,,,,,,,,,,,,,,,,,,,,312,174,,270,Silicobra,スナヘビ,Dunaja,Salanga,모래뱀,沙包蛇,沙包蛇,
844,,,,,,,,,,,,,,,,,,,,,,313,175,,271,Sandaconda,サダイジャ,Dunaconda,Sanaconda,사다이사,沙螺蟒,沙螺蟒,
845,,,,,,,,,,,,,,,,,,,,,,309,93,,,Cramorant,ウッウ,Nigosier,Urgl,윽우지,古月鳥,古月鳥,
846,,,,,,,,,,,,,,,,,,,,,,180,96,,136,Arrokuda,サシカマス,Embrochet,Pikuda,찌로꼬치,刺梭魚,刺梭鱼,
847,,,,,,,,,,,,,,,,,,,,,,181,97,,137,Barraskewda,カマスジョー,Hastacuda,Barrakiefa,꼬치조,戽斗尖梭,戽斗尖梭,
848,,,,,,,,,,,,,,,,,,,,,,310,,,198,Toxel,エレズン,Toxizap,Toxel,일레즌,毒電嬰,毒电婴,
849,,,,,,,,,,,,,,,,,,,,,,311,,,199,Toxtricity,ストリンダー,Salarsen,Riffex,스트린더,顫弦蠑螈,颤弦蝾螈,
850,,,,,,,,,,,,,,,,,,,,,,159,,99,,Sizzlipede,ヤクデ,Grillepattes,Thermopod,태우지네,燒火蚣,烧火蚣,
851,,,,,,,,,,,,,,,,,,,,,,160,,100,,Centiskorch,マルヤクデ,Scolocendre,Infernopod,다태우지네,焚焰蚣,焚焰蚣,
852,,,,,,,,,,,,,,,,,,,,,,351,129,,,Clobbopus,タタッコ,Poulpaf,Klopptopus,때때무노,拳拳蛸,拳拳蛸,
853,,,,,,,,,,,,,,,,,,,,,,352,130,,,Grapploct,オトスパス,Krakos,Kaocto,케오퍼스,八爪武師,八爪武师,
854,,,,,,,,,,,,,,,,,,,,,,335,,132,237,Sinistea,ヤバチャ,Théffroi,Fatalitee,데인차,來悲茶,来悲茶,
855,,,,,,,,,,,,,,,,,,,,,,336,,133,238,Polteageist,ポットデス,Polthégeist,Mortipot,포트데스,怖思壺,怖思壶,
856,,,,,,,,,,,,,,,,,,,,,,241,,40,282,Hatenna,ミブリム,Bibichut,Brimova,몸지브림,迷布莉姆,迷布莉姆,
857,,,,,,,,,,,,,,,,,,,,,,242,,41,283,Hattrem,テブリム,Chapotus,Brimano,손지브림,提布莉姆,提布莉姆,
858,,,,,,,,,,,,,,,,,,,,,,243,,42,284,Hatterene,ブリムオン,Sorcilence,Silembrim,브리무음,布莉姆溫,布莉姆温,
859,,,,,,,,,,,,,,,,,,,,,,238,,37,285,Impidimp,ベロバー,Grimalin,Bähmon,메롱꿍,搗蛋小妖,捣蛋小妖,
860,,,,,,,,,,,,,,,,,,,,,,239,,38,286,Morgrem,ギモー,Fourbelin,Pelzebub,쏘겨모,詐唬魔,诈唬魔,
861,,,,,,,,,,,,,,,,,,,,,,240,,39,287,Grimmsnarl,オーロンゲ,Angoliath,Olangaar,오롱털,長毛巨魔,长毛巨魔,
862,,,,,,,,,,,,,,,,,,,,,,33,,73,,Obstagoon,タチフサグマ,Ixon,Barrikadax,가로막구리,堵攔熊,堵拦熊,
863,,,,,,,,,,,,,,,,,,,,,,183,,,,Perrserker,ニャイキング,Berserkatt,Mauzinger,나이킹,喵頭目,喵头目,
864,,,,,,,,,,,,,,,,,,,,,,237,,,,Cursola,サニゴーン,Corayôme,Gorgasonn,산호르곤,魔靈珊瑚,魔灵珊瑚,
865,,,,,,,,,,,,,,,,,,,,,,219,,,,Sirfetch’d,ネギガナイト,Palarticho,Lauchzelot,창파나이트,蔥遊兵,葱游兵,
866,,,,,,,,,,,,,,,,,,,,,,366,,12,,Mr. Rime,バリコオル,M. Glaquette,Pantifrost,마임꽁꽁,踏冰人偶,踏冰人偶,
867,,,,,,,,,,,,,,,,,,,,,,328,,,,Runerigus,デスバーン,Tutétékri,Oghnatoll,데스판,死神板,死神板,
868,,,,,,,,,,,,,,,,,,,,,,185,,,,Milcery,マホミル,Crèmy,Hokumil,마빌크,小仙奶,小仙奶,
869,,,,,,,,,,,,,,,,,,,,,,186,,,,Alcremie,マホイップ,Charmilly,Pokusan,마휘핑,霜奶仙,霜奶仙,
870,,,,,,,,,,,,,,,,,,,,,,345,,,300,Falinks,タイレーツ,Hexadron,Legios,대여르,列陣兵,列阵兵,
871,,,,,,,,,,,,,,,,,,,,,,353,126,158,321,Pincurchin,バチンウニ,Wattapik,Britzigel,찌르성게,啪嚓海膽,啪嚓海胆,
872,,,,,,,,,,,,,,,,,,,,,,349,,1,350,Snom,ユキハミ,Frissonille,Snomnom,누니머기,雪吞蟲,雪吞虫,
873,,,,,,,,,,,,,,,,,,,,,,350,,2,351,Frosmoth,モスノウ,Beldeneige,Mottineva,모스노우,雪絨蛾,雪绒蛾,
874,,,,,,,,,,,,,,,,,,,,,,369,,89,319,Stonjourner,イシヘンジン,Dolman,Humanolith,돌헨진,巨石丁,巨石丁,
875,,,,,,,,,,,,,,,,,,,,,,370,,90,320,Eiscue,コオリッポ,Bekaglaçon,Kubuin,빙큐보,冰砌鵝,冰砌鹅,
876,,,,,,,,,,,,,,,,,,,,,,337,,171,241,Indeedee,イエッサン,Wimessir,Servol,에써르,愛管侍,爱管侍,
877,,,,,,,,,,,,,,,,,,,,,,344,104,157,,Morpeko,モルペコ,Morpeko,Morpeko,모르페코,莫魯貝可,莫鲁贝可,
878,,,,,,,,,,,,,,,,,,,,,,302,,108,124,Cufant,ゾウドウ,Charibari,Kupfanti,끼리동,銅象,铜象,
879,,,,,,,,,,,,,,,,,,,,,,303,,109,125,Copperajah,ダイオウドウ,Pachyradjah,Patinaraja,대왕끼리동,大王銅象,大王铜象,
880,,,,,,,,,,,,,,,,,,,,,,374,,,,Dracozolt,パッチラゴン,Galvagon,Lectragon,파치래곤,雷鳥龍,雷鸟龙,
881,,,,,,,,,,,,,,,,,,,,,,375,,,,Arctozolt,パッチルドン,Galvagla,Lecryodon,파치르돈,雷鳥海獸,雷鸟海兽,
882,,,,,,,,,,,,,,,,,,,,,,376,,,,Dracovish,ウオノラゴン,Hydragon,Pescragon,어래곤,鰓魚龍,鳃鱼龙,
883,,,,,,,,,,,,,,,,,,,,,,377,,,,Arctovish,ウオチルドン,Hydragla,Pescryodon,어치르돈,鰓魚海獸,鳃鱼海兽,
884,,,,,,,,,,,,,,,,,,,,,,371,,,,Duraludon,ジュラルドン,Duralugon,Duraludon,두랄루돈,鋁鋼龍,铝钢龙,
885,,,,,,,,,,,,,,,,,,,,,,395,,110,305,Dreepy,ドラメシヤ,Fantyrm,Grolldra,드라꼰,多龍梅西亞,多龙梅西亚,
886,,,,,,,,,,,,,,,,,,,,,,396,,111,306,Drakloak,ドロンチ,Dispareptil,Phandra,드래런치,多龍奇,多龙奇,
887,,,,,,,,,,,,,,,,,,,,,,397,,112,307,Dragapult,ドラパルト,Lanssorien,Katapuldra,드래펄트,多龍巴魯托,多龙巴鲁托,
888,,,,,,,,,,,,,,,,,,,,,,398,,,,Zacian,ザシアン,Zacian,Zacian,자시안,蒼響,苍响,
889,,,,,,,,,,,,,,,,,,,,,,399,,,,Zamazenta,ザマゼンタ,Zamazenta,Zamazenta,자마젠타,藏瑪然特,藏玛然特,
890,,,,,,,,,,,,,,,,,,,,,,400,,,,Eternatus,ムゲンダイナ,Éthernatos,Endynalos,무한다이노,無極汰那,无极汰那,
891,,,,,,,,,,,,,,,,,,,,,,,100,,,Kubfu,ダクマ,Wushours,Dakuma,치고마,熊徒弟,熊徒弟,
892,,,,,,,,,,,,,,,,,,,,,,,101,,,Urshifu,ウーラオス,Shifours,Wulaosu,우라오스,武道熊師,武道熊师,
893,,,,,,,,,,,,,,,,,,,,,,,211,,,Zarude,ザルード,Zarude,Zarude,자루도,薩戮德,萨戮德,
894,,,,,,,,,,,,,,,,,,,,,,,,200,,Regieleki,レジエレキ,Regieleki,,레지에레키,雷吉艾勒奇,雷吉艾勒奇,
895,,,,,,,,,,,,,,,,,,,,,,,,201,,Regidrago,レジドラゴ,Regidrago,,레지드래고,雷吉鐸拉戈,雷吉铎拉戈,
896,,,,,,,,,,,,,,,,,,,,,,,,208,,Glastrier,ブリザポス,Blizzeval,,블리자포스,雪暴馬,雪暴马,
897,,,,,,,,,,,,,,,,,,,,,,,,209,,Spectrier,レイスポス,Spectreval,,레이스포스,靈幽馬,灵幽马,
898,,,,,,,,,,,,,,,,,,,,,,,,210,,Calyrex,バドレックス,Sylveroy,,버드렉스,蕾冠王,蕾冠王,
899,,,,,,,,,,,,,,,,,,,,,,,,,,Wyrdeer,アヤシシ,Cerbyllin,Damythir,신비록,詭角鹿,诡角鹿,50
900,,,,,,,,,,,,,,,,,,,,,,,,,,Kleavor,バサギリ,Hachécateur,Axantor,사마자르,劈斧螳螂,劈斧螳螂,73
901,,,,,,,,,,,,,,,,,,,,,,,,,,Ursaluna,ガチグマ,Ursaking,Ursaluna,다투곰,月月熊,月月熊,114
902,,,,,,,,,,,,,,,,,,,,,,,,,,Basculegion,イダイトウ,Paragruel,Salmagnis,대쓰여너,幽尾玄魚,幽尾玄鱼,167
903,,,,,,,,,,,,,,,,,,,,,,,,,,Sneasler,オオニューラ,Farfurex,Snieboss,포푸니크,大狃拉,大狃拉,203
904,,,,,,,,,,,,,,,,,,,,,,,,,,Overqwil,ハリーマン,Qwilpik,Myriador,장침바루,萬針魚,万针鱼,85
905,,,,,,,,,,,,,,,,,,,,,,,,,,Enamorus,ラブトロス,Amovénus,Cupidos,러브로스,眷戀雲,眷恋云,234
906,,,,,,,,,,,,,,,,,,,,,,,,,1,Sprigatito,ニャオハ,Poussacha,Felori,나오하,新葉喵,新叶喵,
907,,,,,,,,,,,,,,,,,,,,,,,,,2,Floragato,ニャローテ,Matourgeon,Feliospa,나로테,蒂蕾喵,蒂蕾喵,
908,,,,,,,,,,,,,,,,,,,,,,,,,3,Meowscarada,マスカーニャ,Miascarade,Maskagato,마스카나,魔幻假面喵,魔幻假面喵,
909,,,,,,,,,,,,,,,,,,,,,,,,,4,Fuecoco,ホゲータ,Chochodile,Krokel,뜨아거,呆火鱷,呆火鳄,
910,,,,,,,,,,,,,,,,,,,,,,,,,5,Crocalor,アチゲータ,Crocogril,Lokroko,악뜨거,炙燙鱷,炙烫鳄,
911,,,,,,,,,,,,,,,,,,,,,,,,,6,Skeledirge,ラウドボーン,Flâmigator,Skelokrok,라우드본,骨纹巨声鳄,骨纹巨声鳄,
912,,,,,,,,,,,,,,,,,,,,,,,,,7,Quaxly,クワッス,Coiffeton,Kwaks,꾸왁스,潤水鴨,润水鸭,
913,,,,,,,,,,,,,,,,,,,,,,,,,8,Quaxwell,ウェルカモ,Canarbello,Fuentente,아꾸왁,湧躍鴨,涌跃鸭,
914,,,,,,,,,,,,,,,,,,,,,,,,,9,Quaquaval,ウェーニバル,Palmaval,Bailonda,웨이니발,狂歡浪舞鴨,狂欢浪舞鸭,
915,,,,,,,,,,,,,,,,,,,,,,,,,10,Lechonk,グルトン,Gourmelet,Ferkuli,맛보돈,愛吃豚,爱吃豚,
916,,,,,,,,,,,,,,,,,,,,,,,,,11,Oinkologne,パフュートン,Fragroin,Fragrunz,퍼퓨돈,飄香豚,飘香豚,
917,,,,,,,,,,,,,,,,,,,,,,,,,12,Tarountula,タマンチュラ,Tissenboule,Tarundel,타랜툴라,團珠蛛,团珠蛛,
918,,,,,,,,,,,,,,,,,,,,,,,,,13,Spidops,ワナイダー,Filentrappe,Spinsidias,트래피더,操陷蛛,操陷蛛,
919,,,,,,,,,,,,,,,,,,,,,,,,,14,Nymble,マメバッタ,Lilliterelle,Micrick,콩알뚜기,豆蟋蟀,豆蟋蟀,
920,,,,,,,,,,,,,,,,,,,,,,,,,15,Lokix,エクスレッグ,Gambex,Lextremo,엑스레그,烈腿蝗,烈腿蝗,
921,,,,,,,,,,,,,,,,,,,,,,,,,22,Pawmi,パモ,Pohm,Pamo,빠모,布撥,布拨,
922,,,,,,,,,,,,,,,,,,,,,,,,,23,Pawmo,パモット,Pohmotte,Pamamo,빠모트,布土撥,布土拨,
923,,,,,,,,,,,,,,,,,,,,,,,,,24,Pawmot,パーモット,Pohmarmotte,Pamomamo,빠르모트,巴布土撥,巴布土拨,
924,,,,,,,,,,,,,,,,,,,,,,,,,71,Tandemaus,ワッカネズミ,Compagnol,Zwieps,두리쥐,一對鼠,一对鼠,
925,,,,,,,,,,,,,,,,,,,,,,,,,72,Maushold,イッカネズミ,Famignol,Famieps,파밀리쥐,一家鼠,一家鼠,
926,,,,,,,,,,,,,,,,,,,,,,,,,76,Fidough,パピモッチ,Pâtachiot,Hefel,쫀도기,狗仔包,狗仔包,
927,,,,,,,,,,,,,,,,,,,,,,,,,77,Dachsbun,バウッツェル,Briochien,Backel,바우첼,麻花犬,麻花犬,
928,,,,,,,,,,,,,,,,,,,,,,,,,84,Smoliv,ミニーブ,Olivini,Olini,미니브,迷你芙,迷你芙,
929,,,,,,,,,,,,,,,,,,,,,,,,,85,Dolliv,オリーニョ,Olivado,Olivinio,올리뇨,奧利紐,奥利纽,
930,,,,,,,,,,,,,,,,,,,,,,,,,86,Arboliva,オリーヴァ,Arboliva,Olithena,올리르바,奧利瓦,奥利瓦,
931,,,,,,,,,,,,,,,,,,,,,,,,,113,Squawkabilly,イキリンコ,Tapatoès,Krawalloro,시비꼬,怒鸚哥,怒鹦哥,
932,,,,,,,,,,,,,,,,,,,,,,,,,129,Nacli,コジオ,Selutin,Geosali,베베솔트,鹽石寶,盐石宝,
933,,,,,,,,,,,,,,,,,,,,,,,,,130,Naclstack,ジオヅム,Amassel,Sedisal,스태솔트,鹽石壘,盐石垒,
934,,,,,,,,,,,,,,,,,,,,,,,,,131,Garganacl,キョジオーン,Gigansel,Saltigant,콜로솔트,鹽石巨靈,盐石巨灵,
935,,,,,,,,,,,,,,,,,,,,,,,,,165,Charcadet,カルボウ,Charbambin,Knarbon,카르본,炭小侍,炭小侍,
936,,,,,,,,,,,,,,,,,,,,,,,,,166,Armarouge,グレンアルマ,Carmadura,Crimanzo,카디나르마,紅蓮鎧騎,红莲铠骑,
937,,,,,,,,,,,,,,,,,,,,,,,,,167,Ceruledge,ソウブレイズ,Malvalame,Azugladis,파라블레이즈,蒼炎刃鬼,苍炎刃鬼,
938,,,,,,,,,,,,,,,,,,,,,,,,,170,Tadbulb,ズピカ,Têtampoule,Blipp,빈나두,光蚪仔,光蚪仔,
939,,,,,,,,,,,,,,,,,,,,,,,,,171,Bellibolt,ハラバリー,Ampibidou,Wampitz,찌리배리,電肚蛙,电肚蛙,
940,,,,,,,,,,,,,,,,,,,,,,,,,177,Wattrel,カイデン,Zapétrel,Voltrel,찌리비,電海燕,电海燕,
941,,,,,,,,,,,,,,,,,,,,,,,,,178,Kilowattrel,タイカイデン,Fulgulairo,Voltrean,찌리비크,大電海燕,大电海燕,
942,,,,,,,,,,,,,,,,,,,,,,,,,196,Maschiff,オラチフ,Grondogue,Mobtiff,오라티프,偶叫獒,偶叫獒,
943,,,,,,,,,,,,,,,,,,,,,,,,,197,Mabosstiff,マフィティフ,Dogrino,Mastifioso,마피티프,獒教父,獒教父,
944,,,,,,,,,,,,,,,,,,,,,,,,,202,Shroodle,シルシュルー,Gribouraigne,Sproxi,땃쭈르,滋汁鼴,滋汁鼹,
945,,,,,,,,,,,,,,,,,,,,,,,,,203,Grafaiai,タギングル,Tag-Tag,Affiti,태깅구르,塗標客,涂标客,
946,,,,,,,,,,,,,,,,,,,,,,,,,242,Bramblin,アノクサ,Virovent,Weherba,그푸리,納噬草,纳噬草,
947,,,,,,,,,,,,,,,,,,,,,,,,,243,Brambleghast,アノホラグサ,Virevorreur,Horrerba,공푸리,怖納噬草,怖纳噬草,
948,,,,,,,,,,,,,,,,,,,,,,,,,244,Toedscool,ノノクラゲ,Terracool,Tentagra,들눈해,原野水母,原野水母,
949,,,,,,,,,,,,,,,,,,,,,,,,,245,Toedscruel,リククラゲ,Terracruel,Tenterra,육파리,陸地水母,陸地水母,
950,,,,,,,,,,,,,,,,,,,,,,,,,249,Klawf,ガケガニ,Craparoi,Klibbe,절벼게,毛崖蟹,毛崖蟹,
951,,,,,,,,,,,,,,,,,,,,,,,,,250,Capsakid,カプサイジ,Pimito,Chilingel,캡싸이,熱辣娃,热辣娃,
952,,,,,,,,,,,,,,,,,,,,,,,,,251,Scovillain,スコヴィラン,Scovilain,Halupenjo,스코빌런,狠辣椒,狠辣椒,
953,,,,,,,,,,,,,,,,,,,,,,,,,254,Rellor,シガロコ,Léboulérou,Relluk,구르데,蟲滾泥,虫滚泥,
954,,,,,,,,,,,,,,,,,,,,,,,,,255,Rabsca,ベラカス,Bérasca,Skarabaks,베라카스,蟲甲聖,虫甲圣,
955,,,,,,,,,,,,,,,,,,,,,,,,,263,Flittle,ヒラヒナ,Flotillon,Flattutu,하느라기,飄飄雛,飘飘雏,
956,,,,,,,,,,,,,,,,,,,,,,,,,264,Espathra,クエスパトラ,Cléopsytra,Psiopatra,클레스퍼트라,超能豔鴕,超能艳鸵,
957,,,,,,,,,,,,,,,,,,,,,,,,,279,Tinkatink,カヌチャン,Forgerette,Forgita,어리짱,小鍛匠,小锻匠,
958,,,,,,,,,,,,,,,,,,,,,,,,,280,Tinkatuff,ナカヌチャン,Forgella,Tafforgita,벼리짱,巧鍛匠,巧锻匠,
959,,,,,,,,,,,,,,,,,,,,,,,,,281,Tinkaton,デカヌチャン,Forgelina,Granforgita,두드리짱,巨鍛匠,巨锻匠,
960,,,,,,,,,,,,,,,,,,,,,,,,,288,Wiglett,ウミディグダ,Taupikeau,Schligda,바다그다,海地鼠,海地鼠,
961,,,,,,,,,,,,,,,,,,,,,,,,,289,Wugtrio,ウミトリオ,Triopikeau,Schligdri,바닥트리오,三海地鼠,三海地鼠,
962,,,,,,,,,,,,,,,,,,,,,,,,,290,Bombirdier,オトシドリ,Lestombaile,Adebom,떨구새,下石鳥,下石鸟,
963,,,,,,,,,,,,,,,,,,,,,,,,,291,Finizen,ナミイルカ,Dofin,Normifin,맨돌핀,波普海豚,波普海豚,
964,,,,,,,,,,,,,,,,,,,,,,,,,292,Palafin,イルカマン,Superdofin,Delfinator,돌핀맨,海豚俠,海豚侠,
965,,,,,,,,,,,,,,,,,,,,,,,,,293,Varoom,ブロロン,Vrombi,Knattox,부르롱,噗隆隆,噗隆隆,
966,,,,,,,,,,,,,,,,,,,,,,,,,294,Revavroom,ブロロローム,Vrombotor,Knattatox,부르르룸,普隆隆姆,普隆隆姆,
967,,,,,,,,,,,,,,,,,,,,,,,,,295,Cyclizar,モトトカゲ,Motorizard,Mopex,모토마,摩托蜥,摩托蜥,
968,,,,,,,,,,,,,,,,,,,,,,,,,296,Orthworm,ミミズズ,Ferdeter,Schlurm,꿈트렁,拖拖蚓,拖拖蚓,
969,,,,,,,,,,,,,,,,,,,,,,,,,308,Glimmet,キラーメ,Germéclat,Lumispross,초롱순,晶光芽,晶光芽,
970,,,,,,,,,,,,,,,,,,,,,,,,,309,Glimmora,キラフロル,Floréclat,Lumiflora,킬라플로르,晶光花,晶光花,
971,,,,,,,,,,,,,,,,,,,,,,,,,311,Greavard,ボチ,Toutombe,Gruff,망망이,墓仔狗,墓仔狗,
972,,,,,,,,,,,,,,,,,,,,,,,,,312,Houndstone,ハカドッグ,Tomberro,Friedwuff,묘두기,墓揚犬,墓扬犬,
973,,,,,,,,,,,,,,,,,,,,,,,,,346,Flamigo,カラミンゴ,Flamenroule,Flaminkno,꼬이밍고,纏紅鶴,缠红鹤,
974,,,,,,,,,,,,,,,,,,,,,,,,,361,Cetoddle,アルクジラ,Piétacé,Flaniwal,터벅고래,走鯨,走鲸,
975,,,,,,,,,,,,,,,,,,,,,,,,,362,Cetitan,ハルクジラ,Balbalèze,Kolowal,우락고래,浩大鯨,浩大鲸,
976,,,,,,,,,,,,,,,,,,,,,,,,,373,Veluza,ミガルーサ,Délestin,Agiluza,가비루사,輕身鱈,轻身鳕,
977,,,,,,,,,,,,,,,,,,,,,,,,,374,Dondozo,ヘイラッシャ,Oyacata,Heerashai,어써러셔,吃吼霸,吃吼霸,
978,,,,,,,,,,,,,,,,,,,,,,,,,375,Tatsugiri,シャリタツ,Nigirigon,Nigiragi,싸리용,米立龍,米立龙,
979,,,,,,,,,,,,,,,,,,,,,,,,,160,Annihilape,コノヨザル,Courrousinge,Epitaff,저승갓숭,棄世猴,弃世猴,
980,,,,,,,,,,,,,,,,,,,,,,,,,54,Clodsire,ドオー,Terraiste,Suelord,토오,土王,土王,
981,,,,,,,,,,,,,,,,,,,,,,,,,193,Farigiraf,リキキリン,Farigiraf,Farigiraf,키키링,奇麒麟,奇麒麟,
982,,,,,,,,,,,,,,,,,,,,,,,,,189,Dudunsparce,ノココッチ,Deusolourdo,Dummimisel,노고고치,土龍節節,土龙节节,
983,,,,,,,,,,,,,,,,,,,,,,,,,369,Kingambit,ドドゲザン,Scalpereur,Gladimperio,대도각참,仆斬將軍,仆斬將軍,
984,,,,,,,,,,,,,,,,,,,,,,,,,376,Great Tusk,イダイナキバ,Fort-Ivoire,Riesenzahn,위대한엄니,雄偉牙,雄伟牙,
985,,,,,,,,,,,,,,,,,,,,,,,,,377,Scream Tail,サケブシッポ,Hurle-Queue,Brüllschweif,우렁찬꼬리,吼叫尾,吼叫尾,
986,,,,,,,,,,,,,,,,,,,,,,,,,378,Brute Bonnet,アラブルタケ,Fongus-Furie,Wutpilz,사나운버섯,猛惡菇,猛恶菇,
987,,,,,,,,,,,,,,,,,,,,,,,,,379,Flutter Mane,ハバタクカミ,Flotte-Mèche,Flatterhaar,날개치는머리,振翼髮,振翼发,
988,,,,,,,,,,,,,,,,,,,,,,,,,380,Slither Wing,チヲハウハネ,Rampe-Ailes,Kriechflügel,땅을기는날개,爬地翅,爬地翅,
989,,,,,,,,,,,,,,,,,,,,,,,,,381,Sandy Shocks,スナノケガワ,Pelage-Sablé,Sandfell,모래털가죽,沙鐵皮,沙铁皮,
990,,,,,,,,,,,,,,,,,,,,,,,,,382,Iron Treads,テツノワダチ,Roue-de-Fer,Eisenrad,무쇠바퀴,鐵轍跡,铁辙迹,
991,,,,,,,,,,,,,,,,,,,,,,,,,383,Iron Bundle,テツノツツミ,Hotte-de-Fer,Eisenbündel,무쇠보따리,鐵包袱,铁包袱,
992,,,,,,,,,,,,,,,,,,,,,,,,,384,Iron Hands,テツノカイナ,Paume-de-Fer,Eisenhand,무쇠손,鐵臂膀,铁臂膀,
993,,,,,,,,,,,,,,,,,,,,,,,,,385,Iron Jugulis,テツノコウベ,Têtes-de-Fer,Eisenhals,무쇠머리,鐵脖頸,铁脖颈,
994,,,,,,,,,,,,,,,,,,,,,,,,,386,Iron Moth,テツノドクガ,Mite-de-Fer,Eisenfalter,무쇠독나방,鐵毒蛾,铁毒蛾,
995,,,,,,,,,,,,,,,,,,,,,,,,,387,Iron Thorns,テツノイバラ,Épine-de-Fer,Eisendorn,무쇠가시,鐵荊棘,铁荆棘,
996,,,,,,,,,,,,,,,,,,,,,,,,,388,Frigibax,セビエ,Frigodo,Frospino,드니차,涼脊龍,凉脊龙,
997,,,,,,,,,,,,,,,,,,,,,,,,,389,Arctibax,セゴール,Cryodo,Cryospino,드니꽁,凍脊龍,冻脊龙,
998,,,,,,,,,,,,,,,,,,,,,,,,,390,Baxcalibur,セグレイブ,Glaivodo,Espinodon,드닐레이브,戟脊龍,戟脊龙,
999,,,,,,,,,,,,,,,,,,,,,,,,,391,Gimmighoul,コレクレー,Mordudor,Gierspenst,모으령,索財靈,索财灵,
1000,,,,,,,,,,,,,,,,,,,,,,,,,392,Gholdengo,サーフゴー,Gromago,Monetigo,타부자고,賽富豪,赛富豪,
1001,,,,,,,,,,,,,,,,,,,,,,,,,393,Wo-Chien,チオンジェン,Chongjian,Chongjian,총지엔,古簡蝸,古简蜗,
1002,,,,,,,,,,,,,,,,,,,,,,,,,394,Chien-Pao,パオジアン,Baojian,Baojian,파오젠,古劍豹,古剑豹,
1003,,,,,,,,,,,,,,,,,,,,,,,,,395,Ting-Lu,ディンルー,Dinglu,Dinglu,딩루,古鼎鹿,古鼎鹿,
1004,,,,,,,,,,,,,,,,,,,,,,,,,396,Chi-Yu,イーユイ,Yuyu,Yuyu,위유이,古玉魚,古玉鱼,
1005,,,,,,,,,,,,,,,,,,,,,,,,,397,Roaring Moon,トドロクツキ,Rugit-Lune,Donnersichel,고동치는달,轟鳴月,轰鸣月,
1006,,,,,,,,,,,,,,,,,,,,,,,,,398,Iron Valiant,テツノブジン,Garde-de-Fer,Eisenkrieger,무쇠무인,鐵武者,铁武者,
1007,,,,,,,,,,,,,,,,,,,,,,,,,399,Koraidon,コライドン,Koraidon,Koraidon,코라이돈,故勒頓,故勒顿,
1008,,,,,,,,,,,,,,,,,,,,,,,,,400,Miraidon,ミライドン,Miraidon,Miraidon,미라이돈,密勒頓,密勒顿,
